id,obscene,threat
,0,0
,0,0
,0,0
,0,0
,0,0
,0,0
,0,0
,0,0
,0,0
,0,0
,0,0
,0,0
,0,0
,0,0
,0,0
,0,0
,0,0
18,0,0
,0,0
,0,0
,0,0
,0,0
23,0,0
,0,0
,0,0
,0,0
,0,0
,0,0
,0,0
,0,0
,0,0
,0,0
,0,0
,0,0
,0,0
,0,0
,0,0
,0,0
,0,0
,0,0
,0,0
,0,0
,0,0
,0,0
,0,0
46,0,0
,0,0
48,0,0
,0,0
,0,0
,0,0
,0,0
,0,0
,0,0
,0,0
56,0,0
,0,0
,0,0
,0,0
,0,0
,0,0
,0,0
,0,0
,0,0
,0,0
,0,0
,0,0
,0,0
,0,0
,0,0
,0,0
,0,0
,0,0
74,0,0
,0,0
,0,0
,0,0
,0,0
79,0,0
,0,0
,0,0
,0,0
,0,0
,0,0
85,0,0
,0,0
87,0,0
,0,0
,0,0
,0,0
91,0,0
92,0,0
,0,0
94,0,0
,0,0
,0,0
,0,0
,0,0
,0,0
,0,0
,0,0
,0,0
,0,0
,0,0
,0,0
,0,0
,0,0
,0,0
,0,0
110,0,0
,0,0
,0,0
,0,0
,0,0
,0,0
,0,0
,0,0
,0,0
,0,0
120,0,0
,0,0
,0,0
,0,0
,0,0
125,0,0
126,0,0
,0,0
,0,0
,0,0
,0,0
,0,0
,0,0
,0,0
,0,0
135,0,0
,0,0
,0,0
138,0,0
,0,0
,0,0
,0,0
,0,0
,0,0
,0,0
,0,0
,0,0
,0,0
,0,0
,0,0
,0,0
151,0,0
,0,0
153,0,0
,0,0
,0,0
,0,0
,0,0
,0,0
,0,0
,0,0
,0,0
,0,0
,0,0
,0,0
,0,0
,0,0
,0,0
,0,0
,0,0
,0,0
,0,0
,0,0
,0,0
,0,0
,0,0
,0,0
,0,0
,0,0
,0,0
180,0,0
,0,0
,0,0
,0,0
,0,0
,0,0
,0,0
,0,0
188,0,0
,0,0
,0,0
,0,0
,0,0
193,0,0
,0,0
,0,0
,0,0
197,0,0
,0,0
,0,0
,0,0
,0,0
,0,0
,0,0
,0,0
205,0,0
206,0,0
,0,0
,0,0
,0,0
,0,0
,0,0
,0,0
,0,0
,0,0
,0,0
,0,0
,0,0
,0,0
,0,0
,0,0
,0,0
222,0,0
223,0,0
,0,0
,0,0
,0,0
,0,0
,0,0
229,0,0
,0,0
,0,0
,0,0
,0,0
,0,0
,0,0
,0,0
,0,0
,0,0
,0,0
,0,0
,0,0
,0,0
,0,0
,0,0
,0,0
,0,0
,0,0
,0,0
,0,0
,0,0
,0,0
,0,0
,0,0
,0,0
255,0,0
,0,0
,0,0
,0,0
,0,0
,0,0
261,0,0
262,0,0
,0,0
264,0,0
,0,0
,0,0
,0,0
268,0,0
,0,0
,0,0
,0,0
,0,0
,0,0
,0,0
,0,0
,0,0
,0,0
,0,0
,0,0
,0,0
,0,0
,0,0
,0,0
,0,0
285,0,0
,0,0
,0,0
288,0,0
,0,0
,0,0
,0,0
,0,0
,0,0
,0,0
,0,0
,0,0
,0,0
,0,0
,0,0
,0,0
,0,0
,0,0
,0,0
,0,0
,0,0
,0,0
,0,0
,0,0
,0,0
310,0,0
311,0,0
,0,0
,0,0
,0,0
,0,0
,0,0
,0,0
,0,0
,0,0
,0,0
,0,0
,0,0
,0,0
,0,0
,0,0
,0,0
,0,0
,0,0
,0,0
,0,0
,0,0
,0,0
,0,0
,0,0
335,0,0
,0,0
,0,0
,0,0
339,0,0
,0,0
,0,0
,0,0
,0,0
,0,0
,0,0
,0,0
,0,0
,0,0
,0,0
,0,0
,0,0
,0,0
,0,0
,0,0
,0,0
,0,0
,0,0
,0,0
,0,0
,0,0
361,0,0
362,0,0
,0,0
,0,0
,0,0
,0,0
,0,0
,0,0
,0,0
,0,0
,0,0
,0,0
,0,0
,0,0
,0,0
,0,0
,0,0
378,0,0
,0,0
,0,0
,0,0
,0,0
383,0,0
,0,0
,0,0
,0,0
,0,0
,0,0
389,0,0
,0,0
,0,0
392,0,0
,0,0
,0,0
,0,0
,0,0
,0,0
,0,0
,0,0
,0,0
,0,0
,0,0
,0,0
,0,0
,0,0
,0,0
,0,0
,0,0
409,0,0
,0,0
,0,0
,0,0
,0,0
,0,0
,0,0
,0,0
,0,0
,0,0
,0,0
,0,0
,0,0
422,0,0
,0,0
,0,0
,0,0
426,0,0
,0,0
,0,0
,0,0
,0,0
,0,0
,0,0
,0,0
,0,0
435,0,0
,0,0
,0,0
,0,0
,0,0
,0,0
,0,0
,0,0
,0,0
,0,0
,0,0
,0,0
,0,0
,0,0
,0,0
,0,0
,0,0
,0,0
,0,0
,0,0
,0,0
,0,0
,0,0
,0,0
,0,0
,0,0
,0,0
,0,0
,0,0
,0,0
,0,0
466,0,0
,0,0
,0,0
,0,0
,0,0
,0,0
,0,0
,0,0
,0,0
,0,0
,0,0
,0,0
,0,0
,0,0
,0,0
,0,0
,0,0
,0,0
,0,0
,0,0
,0,0
,0,0
,0,0
,0,0
,0,0
,0,0
,0,0
,0,0
,0,0
,0,0
,0,0
,0,0
,0,0
499,0,0
,0,0
,0,0
,0,0
,0,0
504,0,0
,0,0
,0,0
,0,0
508,0,0
509,0,0
,0,0
,0,0
,0,0
,0,0
514,0,0
,0,0
,0,0
,0,0
,0,0
,0,0
,0,0
,0,0
,0,0
,0,0
,0,0
525,0,0
,0,0
,0,0
,0,0
,0,0
,0,0
,0,0
,0,0
,0,0
,0,0
,0,0
536,0,0
,0,0
,0,0
,0,0
,0,0
,0,0
542,0,0
,0,0
,0,0
,0,0
,0,0
547,0,0
,0,0
549,0,0
,0,0
,0,0
,0,0
,0,0
,0,0
,0,0
,0,0
,0,0
,0,0
,0,0
,0,0
,0,0
,0,0
,0,0
,0,0
,0,0
,0,0
,0,0
,0,0
,0,0
,0,0
,0,0
,0,0
573,0,0
,0,0
,0,0
,0,0
,0,0
,0,0
579,0,0
,0,0
,0,0
,0,0
,0,0
,0,0
,0,0
586,0,0
,0,0
,0,0
589,0,0
,0,0
,0,0
,0,0
,0,0
,0,0
,0,0
,0,0
,0,0
,0,0
,0,0
,0,0
,0,0
,0,0
,0,0
,0,0
,0,0
,0,0
,0,0
,0,0
,0,0
,0,0
,0,0
,0,0
,0,0
,0,0
,0,0
,0,0
,0,0
,0,0
619,0,0
,0,0
,0,0
,0,0
,0,0
,0,0
,0,0
,0,0
,0,0
,0,0
,0,0
,0,0
,0,0
,0,0
,0,0
,0,0
,0,0
,0,0
,0,0
,0,0
,0,0
,0,0
,0,0
,0,0
,0,0
,0,0
,0,0
,0,0
,0,0
,0,0
,0,0
,0,0
,0,0
,0,0
,0,0
,0,0
,0,0
,0,0
,0,0
,0,0
,0,0
,0,0
661,0,0
,0,0
,0,0
,0,0
,0,0
,0,0
,0,0
,0,0
,0,0
,0,0
,0,0
,0,0
,0,0
,0,0
675,0,0
,0,0
,0,0
,0,0
679,0,0
680,0,0
,0,0
,0,0
,0,0
,0,0
,0,0
,0,0
,0,0
,0,0
,0,0
,0,0
,0,0
,0,0
,0,0
,0,0
,0,0
,0,0
,0,0
,0,0
,0,0
,0,0
,0,0
,0,0
,0,0
,0,0
,0,0
,0,0
,0,0
,0,0
,0,0
,0,0
,0,0
,0,0
713,0,0
,0,0
,0,0
,0,0
,0,0
,0,0
,0,0
,0,0
,0,0
,0,0
,0,0
,0,0
,0,0
,0,0
,0,0
,0,0
,0,0
,0,0
,0,0
,0,0
,0,0
,0,0
,0,0
,0,0
,0,0
,0,0
,0,0
,0,0
,0,0
,0,0
743,0,0
,0,0
745,0,0
,0,0
,0,0
,0,0
,0,0
,0,0
,0,0
,0,0
,0,0
,0,0
,0,0
,0,0
,0,0
,0,0
,0,0
,0,0
,0,0
,0,0
,0,0
,0,0
,0,0
,0,0
,0,0
,0,0
769,0,0
,0,0
,0,0
,0,0
,0,0
,0,0
,0,0
,0,0
,0,0
,0,0
,0,0
,0,0
,0,0
,0,0
,0,0
,0,0
,0,0
,0,0
,0,0
788,0,0
,0,0
,0,0
791,0,0
,0,0
,0,0
,0,0
795,0,0
,0,0
797,0,0
,0,0
,0,0
,0,0
,0,0
,0,0
803,0,0
,0,0
,0,0
,0,0
,0,0
,0,0
,0,0
810,0,0
,0,0
,0,0
,0,0
,0,0
,0,0
816,0,0
,0,0
818,0,0
,0,0
,0,0
,0,0
822,0,0
,0,0
,0,0
,0,0
,0,0
,0,0
,0,0
,0,0
,0,0
,0,0
,0,0
,0,0
,0,0
,0,0
,0,0
,0,0
,0,0
,0,0
,0,0
,0,0
,0,0
,0,0
,0,0
,0,0
,0,0
,0,0
,0,0
,0,0
850,0,0
,0,0
,0,0
853,0,0
854,0,0
,0,0
856,0,0
,0,0
,0,0
859,0,0
,0,0
,0,0
,0,0
,0,0
,0,0
,0,0
,0,0
,0,0
,0,0
,0,0
,0,0
,0,0
,0,0
,0,0
,0,0
,0,0
,0,0
,0,0
,0,0
,0,0
,0,0
,0,0
,0,0
,0,0
,0,0
,0,0
,0,0
,0,0
888,0,0
,0,0
,0,0
,0,0
,0,0
,0,0
,0,0
,0,0
,0,0
,0,0
,0,0
,0,0
,0,0
,0,0
,0,0
,0,0
,0,0
,0,0
,0,0
,0,0
,0,0
909,0,0
,0,0
,0,0
912,0,0
,0,0
,0,0
,0,0
,0,0
,0,0
,0,0
,0,0
920,0,0
,0,0
,0,0
,0,0
,0,0
,0,0
,0,0
,0,0
,0,0
,0,0
,0,0
,0,0
,0,0
,0,0
,0,0
,0,0
,0,0
,0,0
,0,0
,0,0
,0,0
,0,0
,0,0
,0,0
,0,0
,0,0
,0,0
,0,0
,0,0
949,0,0
,0,0
,0,0
,0,0
,0,0
,0,0
,0,0
,0,0
,0,0
,0,0
,0,0
,0,0
,0,0
,0,0
,0,0
,0,0
,0,0
,0,0
,0,0
,0,0
,0,0
,0,0
,0,0
,0,0
,0,0
,0,0
,0,0
,0,0
,0,0
,0,0
,0,0
,0,0
,0,0
,0,0
,0,0
,0,0
,0,0
,0,0
,0,0
,0,0
989,0,0
,0,0
,0,0
992,0,0
,0,0
,0,0
,0,0
,0,0
,0,0
,0,0
,0,0
,0,0
,0,0
,0,0
1003,0,0
,0,0
,0,0
,0,0
,0,0
,0,0
,0,0
1010,0,0
,0,0
1012,0,0
,0,0
,0,0
,0,0
,0,0
,0,0
,0,0
,0,0
,0,0
,0,0
,0,0
,0,0
,0,0
,0,0
,0,0
,0,0
,0,0
,0,0
,0,0
,0,0
,0,0
,0,0
1034,0,0
,0,0
,0,0
,0,0
,0,0
,0,0
,0,0
,0,0
,0,0
1043,0,0
,0,0
,0,0
,0,0
,0,0
,0,0
,0,0
,0,0
,0,0
,0,0
,0,0
,0,0
,0,0
1056,0,0
,0,0
,0,0
,0,0
,0,0
1061,0,0
,0,0
,0,0
,0,0
,0,0
,0,0
,0,0
,0,0
,0,0
,0,0
,0,0
,0,0
,0,0
,0,0
,0,0
,0,0
,0,0
,0,0
,0,0
,0,0
1081,0,0
,0,0
,0,0
,0,0
,0,0
1086,0,0
,0,0
,0,0
,0,0
,0,0
,0,0
,0,0
,0,0
,0,0
,0,0
,0,0
,0,0
,0,0
1099,0,0
,0,0
,0,0
,0,0
,0,0
,0,0
,0,0
,0,0
,0,0
,0,0
,0,0
,0,0
,0,0
,0,0
1113,0,0
,0,0
,0,0
,0,0
,0,0
,0,0
1119,0,0
,0,0
,0,0
,0,0
,0,0
,0,0
,0,0
,0,0
1127,0,0
,0,0
1129,0,0
,0,0
1131,0,0
,0,0
,0,0
,0,0
,0,0
,0,0
,0,0
1138,0,0
,0,0
,0,0
,0,0
1142,0,0
,0,0
,0,0
,0,0
,0,0
,0,0
,0,0
,0,0
,0,0
,0,0
,0,0
,0,0
,0,0
,0,0
,0,0
1157,0,0
,0,0
,0,0
,0,0
,0,0
,0,0
1163,0,0
,0,0
,0,0
,0,0
,0,0
,0,0
,0,0
,0,0
1171,0,0
,0,0
,0,0
,0,0
1175,0,0
,0,0
,0,0
,0,0
,0,0
1180,0,0
,0,0
,0,0
,0,0
,0,0
1185,0,0
,0,0
,0,0
,0,0
,0,0
,0,0
,0,0
,0,0
,0,0
,0,0
,0,0
,0,0
,0,0
,0,0
1199,0,0
,0,0
,0,0
,0,0
,0,0
,0,0
,0,0
,0,0
,0,0
,0,0
1209,0,0
,0,0
,0,0
,0,0
,0,0
,0,0
,0,0
1216,0,0
,0,0
,0,0
,0,0
,0,0
,0,0
,0,0
,0,0
,0,0
,0,0
,0,0
,0,0
,0,0
,0,0
,0,0
,0,0
,0,0
,0,0
,0,0
,0,0
,0,0
,0,0
,0,0
,0,0
,0,0
1241,0,0
1242,0,0
,0,0
,0,0
,0,0
,0,0
,0,0
,0,0
,0,0
1250,0,0
,0,0
,0,0
,0,0
,0,0
,0,0
,0,0
,0,0
,0,0
,0,0
,0,0
,0,0
,0,0
,0,0
,0,0
,0,0
,0,0
,0,0
,0,0
,0,0
,0,0
,0,0
,0,0
,0,0
,0,0
,0,0
,0,0
,0,0
,0,0
,0,0
,0,0
,0,0
,0,0
,0,0
,0,0
,0,0
,0,0
,0,0
,0,0
,0,0
,0,0
,0,0
,0,0
,0,0
,0,0
,0,0
,0,0
,0,0
,0,0
,0,0
,0,0
1301,0,0
,0,0
,0,0
,0,0
,0,0
,0,0
,0,0
,0,0
,0,0
,0,0
,0,0
,0,0
,0,0
,0,0
,0,0
,0,0
,0,0
,0,0
,0,0
,0,0
,0,0
1322,0,0
1323,0,0
,0,0
,0,0
,0,0
,0,0
,0,0
,0,0
,0,0
,0,0
,0,0
,0,0
,0,0
,0,0
1336,0,0
1337,0,0
,0,0
,0,0
,0,0
,0,0
,0,0
,0,0
,0,0
1345,0,0
,0,0
,0,0
1348,0,0
,0,0
,0,0
,0,0
,0,0
,0,0
,0,0
,0,0
,0,0
,0,0
,0,0
1359,0,0
,0,0
,0,0
,0,0
,0,0
,0,0
,0,0
1366,0,0
,0,0
1368,0,0
,0,0
,0,0
,0,0
,0,0
,0,0
,0,0
,0,0
,0,0
,0,0
,0,0
,0,0
,0,0
1381,0,0
,0,0
,0,0
,0,0
1385,0,0
,0,0
,0,0
,0,0
,0,0
,0,0
,0,0
,0,0
,0,0
,0,0
,0,0
,0,0
,0,0
1398,0,0
,0,0
,0,0
,0,0
,0,0
,0,0
,0,0
,0,0
1406,0,0
1407,0,0
,0,0
,0,0
,0,0
,0,0
,0,0
,0,0
,0,0
,0,0
,0,0
1417,0,0
,0,0
,0,0
,0,0
,0,0
,0,0
,0,0
,0,0
,0,0
1426,0,0
,0,0
,0,0
,0,0
,0,0
,0,0
,0,0
1433,0,0
,0,0
,0,0
,0,0
,0,0
,0,0
,0,0
,0,0
,0,0
,0,0
,0,0
,0,0
,0,0
,0,0
,0,0
,0,0
,0,0
,0,0
,0,0
,0,0
,0,0
,0,0
,0,0
,0,0
,0,0
,0,0
,0,0
,0,0
,0,0
,0,0
,0,0
,0,0
1465,0,0
1466,0,0
,0,0
,0,0
,0,0
,0,0
,0,0
,0,0
,0,0
,0,0
,0,0
,0,0
,0,0
,0,0
,0,0
,0,0
,0,0
,0,0
,0,0
,0,0
,0,0
,0,0
,0,0
,0,0
,0,0
,0,0
,0,0
,0,0
,0,0
,0,0
1495,0,0
,0,0
1497,0,0
,0,0
1499,0,0
,0,0
1501,0,0
,0,0
,0,0
,0,0
,0,0
,0,0
1507,0,0
,0,0
,0,0
,0,0
,0,0
,0,0
,0,0
,0,0
,0,0
,0,0
,0,0
,0,0
,0,0
,0,0
1521,0,0
,0,0
,0,0
,0,0
,0,0
,0,0
,0,0
,0,0
,0,0
,0,0
1531,0,0
,0,0
,0,0
,0,0
,0,0
,0,0
,0,0
,0,0
,0,0
1540,0,0
,0,0
,0,0
1543,0,0
,0,0
,0,0
,0,0
,0,0
,0,0
1549,0,0
,0,0
,0,0
,0,0
,0,0
,0,0
,0,0
,0,0
,0,0
,0,0
,0,0
,0,0
,0,0
,0,0
,0,0
,0,0
,0,0
,0,0
,0,0
,0,0
1569,0,0
,0,0
,0,0
,0,0
,0,0
,0,0
,0,0
,0,0
,0,0
1578,0,0
,0,0
,0,0
,0,0
,0,0
,0,0
,0,0
,0,0
,0,0
,0,0
,0,0
,0,0
,0,0
,0,0
,0,0
,0,0
,0,0
,0,0
,0,0
,0,0
,0,0
,0,0
1600,0,0
,0,0
,0,0
,0,0
,0,0
1605,0,0
,0,0
,0,0
,0,0
,0,0
,0,0
,0,0
,0,0
,0,0
,0,0
,0,0
,0,0
,0,0
,0,0
1619,0,0
,0,0
,0,0
,0,0
,0,0
,0,0
,0,0
,0,0
,0,0
,0,0
,0,0
1630,0,0
,0,0
,0,0
,0,0
,0,0
,0,0
,0,0
,0,0
,0,0
1639,0,0
1640,0,0
,0,0
,0,0
,0,0
1644,0,0
,0,0
,0,0
,0,0
,0,0
,0,0
1650,0,0
,0,0
,0,0
1653,0,0
,0,0
,0,0
1656,0,0
,0,0
,0,0
,0,0
,0,0
,0,0
,0,0
,0,0
,0,0
,0,0
,0,0
,0,0
,0,0
,0,0
,0,0
,0,0
,0,0
,0,0
,0,0
,0,0
,0,0
,0,0
,0,0
,0,0
1680,0,0
,0,0
1682,0,0
,0,0
,0,0
1685,0,0
,0,0
,0,0
,0,0
,0,0
,0,0
1691,0,0
,0,0
,0,0
,0,0
,0,0
,0,0
,0,0
,0,0
,0,0
,0,0
,0,0
,0,0
,0,0
,0,0
,0,0
,0,0
,0,0
,0,0
,0,0
,0,0
,0,0
,0,0
,0,0
1714,0,0
1715,0,0
,0,0
,0,0
1718,0,0
,0,0
1720,0,0
1721,0,0
,0,0
,0,0
,0,0
,0,0
,0,0
,0,0
,0,0
,0,0
,0,0
,0,0
,0,0
,0,0
,0,0
,0,0
,0,0
,0,0
,0,0
,0,0
,0,0
,0,0
,0,0
,0,0
,0,0
,0,0
,0,0
,0,0
,0,0
,0,0
,0,0
,0,0
,0,0
,0,0
1754,0,0
,0,0
,0,0
,0,0
,0,0
1759,0,0
,0,0
,0,0
,0,0
,0,0
1764,0,0
,0,0
,0,0
,0,0
,0,0
,0,0
,0,0
,0,0
,0,0
,0,0
,0,0
,0,0
,0,0
,0,0
,0,0
,0,0
,0,0
,0,0
1782,0,0
,0,0
,0,0
1785,0,0
,0,0
,0,0
,0,0
,0,0
,0,0
,0,0
,0,0
,0,0
,0,0
,0,0
,0,0
1797,0,0
,0,0
,0,0
,0,0
,0,0
,0,0
,0,0
,0,0
,0,0
,0,0
,0,0
,0,0
,0,0
,0,0
,0,0
,0,0
,0,0
,0,0
,0,0
,0,0
,0,0
,0,0
,0,0
,0,0
,0,0
,0,0
,0,0
,0,0
,0,0
,0,0
,0,0
,0,0
,0,0
,0,0
,0,0
,0,0
1833,0,0
,0,0
,0,0
,0,0
,0,0
,0,0
,0,0
,0,0
,0,0
,0,0
,0,0
1844,0,0
,0,0
,0,0
,0,0
,0,0
,0,0
,0,0
,0,0
,0,0
,0,0
,0,0
,0,0
,0,0
,0,0
1858,0,0
,0,0
,0,0
,0,0
1862,0,0
,0,0
,0,0
,0,0
,0,0
,0,0
,0,0
,0,0
,0,0
,0,0
,0,0
,0,0
,0,0
,0,0
,0,0
,0,0
,0,0
,0,0
,0,0
,0,0
,0,0
,0,0
,0,0
,0,0
,0,0
,0,0
,0,0
,0,0
,0,0
,0,0
,0,0
,0,0
,0,0
1895,0,0
,0,0
,0,0
,0,0
1899,0,0
1900,0,0
,0,0
,0,0
,0,0
,0,0
,0,0
,0,0
,0,0
,0,0
,0,0
,0,0
,0,0
,0,0
,0,0
1914,0,0
1915,0,0
,0,0
,0,0
,0,0
,0,0
,0,0
,0,0
,0,0
,0,0
,0,0
,0,0
,0,0
,0,0
,0,0
,0,0
,0,0
,0,0
,0,0
,0,0
1934,0,0
,0,0
,0,0
,0,0
,0,0
,0,0
,0,0
,0,0
,0,0
,0,0
1944,0,0
,0,0
,0,0
,0,0
,0,0
,0,0
,0,0
,0,0
,0,0
,0,0
1954,0,0
,0,0
,0,0
,0,0
1958,0,0
,0,0
,0,0
,0,0
1962,0,0
,0,0
1964,0,0
,0,0
,0,0
,0,0
,0,0
,0,0
,0,0
1971,0,0
,0,0
,0,0
,0,0
,0,0
,0,0
,0,0
,0,0
,0,0
,0,0
,0,0
,0,0
,0,0
,0,0
,0,0
,0,0
,0,0
1988,0,0
,0,0
,0,0
,0,0
,0,0
,0,0
,0,0
,0,0
,0,0
,0,0
,0,0
,0,0
,0,0
,0,0
,0,0
,0,0
,0,0
,0,0
2006,0,0
,0,0
,0,0
,0,0
,0,0
,0,0
2012,0,0
,0,0
,0,0
,0,0
,0,0
,0,0
,0,0
,0,0
,0,0
,0,0
,0,0
,0,0
,0,0
,0,0
,0,0
,0,0
,0,0
,0,0
,0,0
,0,0
,0,0
,0,0
,0,0
,0,0
,0,0
,0,0
,0,0
,0,0
,0,0
,0,0
,0,0
,0,0
,0,0
,0,0
,0,0
,0,0
,0,0
,0,0
,0,0
2051,0,0
,0,0
,0,0
,0,0
2055,0,0
,0,0
,0,0
,0,0
,0,0
,0,0
,0,0
2062,0,0
,0,0
2064,0,0
,0,0
,0,0
,0,0
,0,0
2069,0,0
,0,0
,0,0
,0,0
,0,0
,0,0
,0,0
,0,0
,0,0
,0,0
,0,0
,0,0
,0,0
,0,0
,0,0
,0,0
,0,0
,0,0
,0,0
,0,0
,0,0
,0,0
2091,0,0
,0,0
,0,0
2094,0,0
,0,0
,0,0
,0,0
,0,0
,0,0
,0,0
,0,0
,0,0
,0,0
,0,0
,0,0
,0,0
,0,0
,0,0
,0,0
,0,0
2111,0,0
,0,0
,0,0
,0,0
,0,0
,0,0
2117,0,0
,0,0
,0,0
,0,0
,0,0
,0,0
2123,0,0
,0,0
,0,0
,0,0
,0,0
,0,0
,0,0
,0,0
,0,0
,0,0
,0,0
,0,0
,0,0
2136,0,0
,0,0
,0,0
,0,0
,0,0
,0,0
2142,0,0
,0,0
,0,0
,0,0
,0,0
2147,0,0
,0,0
,0,0
,0,0
,0,0
,0,0
,0,0
,0,0
,0,0
,0,0
,0,0
,0,0
,0,0
,0,0
,0,0
,0,0
,0,0
,0,0
,0,0
,0,0
,0,0
,0,0
2169,0,0
,0,0
,0,0
,0,0
2173,0,0
,0,0
2175,0,0
,0,0
,0,0
2178,0,0
,0,0
,0,0
,0,0
,0,0
2183,0,0
2184,0,0
2185,0,0
2186,0,0
,0,0
,0,0
,0,0
,0,0
,0,0
,0,0
2193,0,0
,0,0
,0,0
,0,0
,0,0
,0,0
,0,0
2200,0,0
,0,0
,0,0
,0,0
,0,0
,0,0
,0,0
,0,0
,0,0
,0,0
2210,0,0
,0,0
,0,0
,0,0
2214,0,0
,0,0
,0,0
,0,0
,0,0
,0,0
,0,0
2221,0,0
,0,0
,0,0
,0,0
,0,0
,0,0
,0,0
,0,0
,0,0
,0,0
,0,0
,0,0
,0,0
,0,0
,0,0
,0,0
,0,0
,0,0
,0,0
,0,0
,0,0
,0,0
,0,0
,0,0
,0,0
,0,0
,0,0
,0,0
,0,0
2250,0,0
,0,0
2252,0,0
,0,0
,0,0
,0,0
,0,0
,0,0
,0,0
,0,0
,0,0
,0,0
,0,0
,0,0
,0,0
,0,0
,0,0
,0,0
2268,0,0
2269,0,0
2270,0,0
,0,0
2272,0,0
2273,0,0
,0,0
2275,0,0
,0,0
,0,0
,0,0
,0,0
,0,0
2281,0,0
,0,0
,0,0
,0,0
,0,0
,0,0
,0,0
,0,0
,0,0
,0,0
,0,0
,0,0
2293,0,0
,0,0
,0,0
,0,0
,0,0
,0,0
,0,0
,0,0
,0,0
,0,0
,0,0
2304,0,0
,0,0
,0,0
,0,0
,0,0
,0,0
,0,0
,0,0
2312,0,0
,0,0
,0,0
,0,0
,0,0
,0,0
,0,0
,0,0
2320,0,0
,0,0
,0,0
,0,0
,0,0
,0,0
,0,0
2327,0,0
,0,0
,0,0
,0,0
,0,0
,0,0
,0,0
,0,0
2335,0,0
,0,0
,0,0
,0,0
2339,0,0
,0,0
,0,0
,0,0
2343,0,0
,0,0
,0,0
2346,0,0
,0,0
,0,0
,0,0
,0,0
,0,0
,0,0
,0,0
,0,0
,0,0
,0,0
,0,0
,0,0
,0,0
,0,0
,0,0
,0,0
2363,0,0
,0,0
,0,0
,0,0
,0,0
,0,0
,0,0
,0,0
,0,0
,0,0
,0,0
,0,0
,0,0
,0,0
,0,0
,0,0
2379,0,0
,0,0
2381,0,0
,0,0
,0,0
,0,0
,0,0
,0,0
,0,0
,0,0
,0,0
,0,0
,0,0
,0,0
2393,0,0
2394,0,0
,0,0
,0,0
,0,0
,0,0
,0,0
,0,0
,0,0
,0,0
,0,0
2404,0,0
,0,0
,0,0
,0,0
,0,0
,0,0
,0,0
,0,0
,0,0
,0,0
2414,0,0
,0,0
,0,0
,0,0
,0,0
,0,0
,0,0
,0,0
,0,0
,0,0
,0,0
,0,0
,0,0
,0,0
2428,0,0
,0,0
,0,0
,0,0
,0,0
,0,0
,0,0
,0,0
,0,0
,0,0
,0,0
,0,0
,0,0
,0,0
,0,0
,0,0
,0,0
,0,0
,0,0
,0,0
,0,0
,0,0
,0,0
,0,0
,0,0
,0,0
,0,0
,0,0
,0,0
,0,0
,0,0
,0,0
,0,0
,0,0
,0,0
,0,0
,0,0
,0,0
,0,0
,0,0
2468,0,0
,0,0
,0,0
,0,0
,0,0
,0,0
2474,0,0
,0,0
,0,0
,0,0
,0,0
,0,0
,0,0
,0,0
2482,0,0
,0,0
,0,0
,0,0
,0,0
,0,0
,0,0
,0,0
,0,0
,0,0
,0,0
,0,0
,0,0
,0,0
,0,0
,0,0
,0,0
,0,0
,0,0
,0,0
,0,0
,0,0
,0,0
,0,0
2506,0,0
,0,0
,0,0
,0,0
,0,0
,0,0
,0,0
,0,0
,0,0
,0,0
,0,0
,0,0
,0,0
,0,0
,0,0
,0,0
,0,0
,0,0
,0,0
,0,0
,0,0
,0,0
,0,0
,0,0
,0,0
,0,0
,0,0
,0,0
,0,0
,0,0
,0,0
,0,0
,0,0
,0,0
2540,0,0
,0,0
,0,0
,0,0
,0,0
,0,0
,0,0
,0,0
,0,0
,0,0
,0,0
,0,0
,0,0
2553,0,0
2554,0,0
,0,0
,0,0
,0,0
,0,0
,0,0
,0,0
,0,0
,0,0
,0,0
,0,0
,0,0
,0,0
,0,0
,0,0
,0,0
,0,0
2571,0,0
,0,0
,0,0
,0,0
,0,0
,0,0
,0,0
,0,0
,0,0
,0,0
,0,0
,0,0
,0,0
,0,0
,0,0
,0,0
,0,0
,0,0
,0,0
,0,0
,0,0
,0,0
,0,0
,0,0
,0,0
,0,0
,0,0
,0,0
,0,0
,0,0
,0,0
,0,0
,0,0
,0,0
,0,0
,0,0
,0,0
2608,0,0
,0,0
,0,0
,0,0
2612,0,0
,0,0
,0,0
,0,0
,0,0
,0,0
2618,0,0
,0,0
,0,0
2621,0,0
,0,0
,0,0
,0,0
,0,0
,0,0
,0,0
2628,0,0
,0,0
,0,0
,0,0
,0,0
2633,0,0
,0,0
,0,0
,0,0
2637,0,0
,0,0
,0,0
,0,0
,0,0
,0,0
,0,0
,0,0
,0,0
,0,0
,0,0
,0,0
2649,0,0
,0,0
,0,0
,0,0
2653,0,0
,0,0
,0,0
,0,0
,0,0
,0,0
,0,0
,0,0
2661,0,0
,0,0
2663,0,0
,0,0
,0,0
,0,0
,0,0
2668,0,0
,0,0
,0,0
2671,0,0
,0,0
,0,0
,0,0
,0,0
,0,0
,0,0
,0,0
,0,0
2680,0,0
,0,0
,0,0
,0,0
,0,0
,0,0
,0,0
,0,0
,0,0
,0,0
,0,0
,0,0
,0,0
,0,0
,0,0
,0,0
2696,0,0
,0,0
,0,0
,0,0
,0,0
,0,0
,0,0
,0,0
2704,0,0
,0,0
,0,0
,0,0
,0,0
,0,0
,0,0
,0,0
2712,0,0
,0,0
,0,0
2715,0,0
,0,0
,0,0
,0,0
,0,0
,0,0
,0,0
,0,0
2723,0,0
,0,0
,0,0
,0,0
,0,0
,0,0
,0,0
,0,0
,0,0
,0,0
,0,0
,0,0
,0,0
,0,0
,0,0
,0,0
,0,0
,0,0
,0,0
,0,0
,0,0
,0,0
,0,0
,0,0
,0,0
,0,0
,0,0
,0,0
,0,0
,0,0
,0,0
,0,0
,0,0
,0,0
,0,0
2758,0,0
,0,0
,0,0
,0,0
,0,0
,0,0
,0,0
,0,0
,0,0
,0,0
,0,0
,0,0
,0,0
,0,0
,0,0
,0,0
,0,0
,0,0
,0,0
,0,0
,0,0
,0,0
,0,0
,0,0
,0,0
,0,0
,0,0
,0,0
,0,0
2787,0,0
,0,0
,0,0
,0,0
,0,0
2792,0,0
,0,0
,0,0
,0,0
,0,0
,0,0
,0,0
,0,0
,0,0
,0,0
,0,0
,0,0
,0,0
2805,0,0
,0,0
,0,0
,0,0
,0,0
,0,0
,0,0
,0,0
,0,0
,0,0
,0,0
,0,0
,0,0
2818,0,0
,0,0
,0,0
2821,0,0
,0,0
,0,0
,0,0
,0,0
2826,0,0
,0,0
,0,0
,0,0
,0,0
,0,0
,0,0
,0,0
,0,0
,0,0
,0,0
,0,0
,0,0
2839,0,0
,0,0
,0,0
,0,0
2843,0,0
2844,0,0
,0,0
,0,0
,0,0
,0,0
,0,0
2850,0,0
,0,0
,0,0
,0,0
,0,0
,0,0
,0,0
,0,0
,0,0
,0,0
,0,0
,0,0
,0,0
,0,0
,0,0
,0,0
,0,0
,0,0
,0,0
,0,0
,0,0
,0,0
,0,0
,0,0
,0,0
2875,0,0
,0,0
,0,0
,0,0
,0,0
,0,0
,0,0
,0,0
,0,0
,0,0
,0,0
,0,0
,0,0
,0,0
,0,0
,0,0
,0,0
,0,0
,0,0
,0,0
,0,0
,0,0
,0,0
,0,0
,0,0
,0,0
,0,0
,0,0
2903,0,0
,0,0
,0,0
,0,0
,0,0
,0,0
,0,0
,0,0
,0,0
2912,0,0
,0,0
,0,0
,0,0
,0,0
,0,0
,0,0
,0,0
,0,0
,0,0
,0,0
2923,0,0
,0,0
,0,0
,0,0
,0,0
2928,0,0
2929,0,0
,0,0
,0,0
,0,0
,0,0
,0,0
,0,0
,0,0
,0,0
,0,0
,0,0
,0,0
,0,0
,0,0
,0,0
,0,0
,0,0
,0,0
,0,0
,0,0
2949,0,0
,0,0
,0,0
,0,0
,0,0
,0,0
,0,0
,0,0
,0,0
,0,0
2959,0,0
,0,0
,0,0
,0,0
,0,0
,0,0
,0,0
,0,0
,0,0
,0,0
,0,0
,0,0
,0,0
,0,0
,0,0
,0,0
,0,0
,0,0
,0,0
,0,0
2979,0,0
,0,0
,0,0
,0,0
,0,0
,0,0
,0,0
,0,0
,0,0
,0,0
,0,0
,0,0
,0,0
,0,0
,0,0
,0,0
,0,0
,0,0
,0,0
,0,0
,0,0
,0,0
,0,0
,0,0
3003,0,0
,0,0
,0,0
,0,0
,0,0
,0,0
3009,0,0
,0,0
,0,0
,0,0
,0,0
,0,0
,0,0
,0,0
,0,0
,0,0
3019,0,0
,0,0
,0,0
,0,0
,0,0
,0,0
,0,0
,0,0
,0,0
,0,0
,0,0
,0,0
,0,0
,0,0
,0,0
,0,0
,0,0
,0,0
3037,0,0
,0,0
,0,0
,0,0
,0,0
,0,0
,0,0
,0,0
,0,0
,0,0
,0,0
,0,0
,0,0
,0,0
,0,0
,0,0
,0,0
,0,0
,0,0
,0,0
,0,0
,0,0
,0,0
,0,0
,0,0
,0,0
,0,0
,0,0
,0,0
,0,0
,0,0
,0,0
,0,0
,0,0
,0,0
,0,0
,0,0
,0,0
,0,0
,0,0
3077,0,0
,0,0
,0,0
,0,0
,0,0
,0,0
,0,0
,0,0
,0,0
,0,0
,0,0
,0,0
,0,0
,0,0
3091,0,0
,0,0
,0,0
,0,0
,0,0
,0,0
,0,0
,0,0
,0,0
,0,0
,0,0
,0,0
,0,0
3104,0,0
,0,0
,0,0
,0,0
,0,0
,0,0
,0,0
,0,0
,0,0
,0,0
,0,0
,0,0
,0,0
3117,0,0
,0,0
,0,0
,0,0
,0,0
3122,0,0
,0,0
,0,0
,0,0
3126,0,0
,0,0
,0,0
,0,0
,0,0
,0,0
,0,0
,0,0
,0,0
,0,0
3136,0,0
3137,0,0
,0,0
,0,0
,0,0
,0,0
,0,0
,0,0
,0,0
,0,0
,0,0
,0,0
,0,0
,0,0
3150,0,0
,0,0
,0,0
,0,0
,0,0
,0,0
,0,0
,0,0
,0,0
,0,0
,0,0
,0,0
,0,0
,0,0
,0,0
3165,0,0
,0,0
,0,0
,0,0
,0,0
,0,0
,0,0
3172,0,0
,0,0
,0,0
,0,0
,0,0
,0,0
,0,0
,0,0
,0,0
,0,0
,0,0
,0,0
,0,0
,0,0
,0,0
,0,0
,0,0
,0,0
3190,0,0
,0,0
3192,0,0
,0,0
3194,0,0
,0,0
,0,0
,0,0
,0,0
,0,0
,0,0
,0,0
,0,0
,0,0
,0,0
,0,0
,0,0
,0,0
,0,0
,0,0
,0,0
,0,0
,0,0
,0,0
,0,0
,0,0
,0,0
,0,0
,0,0
,0,0
,0,0
,0,0
,0,0
,0,0
3224,0,0
,0,0
,0,0
,0,0
,0,0
,0,0
,0,0
,0,0
,0,0
,0,0
,0,0
,0,0
,0,0
,0,0
,0,0
,0,0
3240,0,0
3241,0,0
,0,0
,0,0
,0,0
,0,0
,0,0
3247,0,0
,0,0
,0,0
,0,0
,0,0
,0,0
,0,0
,0,0
,0,0
,0,0
,0,0
,0,0
,0,0
,0,0
,0,0
3262,0,0
,0,0
3264,0,0
,0,0
,0,0
,0,0
,0,0
,0,0
,0,0
,0,0
,0,0
,0,0
,0,0
,0,0
,0,0
,0,0
3278,0,0
,0,0
,0,0
,0,0
,0,0
,0,0
,0,0
,0,0
,0,0
3287,0,0
,0,0
,0,0
,0,0
3291,0,0
,0,0
,0,0
,0,0
,0,0
,0,0
,0,0
,0,0
,0,0
,0,0
3301,0,0
,0,0
,0,0
,0,0
3305,0,0
,0,0
,0,0
,0,0
,0,0
,0,0
,0,0
,0,0
,0,0
,0,0
,0,0
,0,0
,0,0
,0,0
,0,0
,0,0
3321,0,0
,0,0
,0,0
,0,0
,0,0
,0,0
,0,0
,0,0
,0,0
,0,0
3331,0,0
,0,0
,0,0
,0,0
,0,0
,0,0
,0,0
,0,0
,0,0
,0,0
,0,0
,0,0
,0,0
,0,0
,0,0
,0,0
,0,0
,0,0
,0,0
,0,0
,0,0
,0,0
,0,0
,0,0
,0,0
,0,0
,0,0
,0,0
,0,0
,0,0
,0,0
,0,0
,0,0
,0,0
,0,0
,0,0
,0,0
,0,0
,0,0
,0,0
3371,0,0
,0,0
,0,0
,0,0
,0,0
,0,0
,0,0
,0,0
,0,0
,0,0
,0,0
,0,0
,0,0
,0,0
,0,0
,0,0
3387,0,0
,0,0
,0,0
,0,0
,0,0
,0,0
,0,0
,0,0
,0,0
,0,0
,0,0
,0,0
,0,0
,0,0
,0,0
,0,0
,0,0
,0,0
3405,0,0
,0,0
,0,0
,0,0
,0,0
,0,0
,0,0
,0,0
3413,0,0
3414,0,0
,0,0
,0,0
,0,0
,0,0
,0,0
3420,0,0
,0,0
,0,0
,0,0
,0,0
,0,0
,0,0
,0,0
,0,0
,0,0
,0,0
3431,0,0
,0,0
,0,0
,0,0
,0,0
3436,0,0
,0,0
,0,0
,0,0
3440,0,0
,0,0
,0,0
,0,0
,0,0
3445,0,0
,0,0
,0,0
3448,0,0
,0,0
,0,0
3451,0,0
,0,0
,0,0
,0,0
,0,0
,0,0
,0,0
,0,0
,0,0
,0,0
,0,0
,0,0
,0,0
,0,0
,0,0
,0,0
,0,0
,0,0
,0,0
3470,0,0
,0,0
,0,0
,0,0
,0,0
,0,0
3476,0,0
,0,0
,0,0
,0,0
,0,0
,0,0
,0,0
,0,0
,0,0
,0,0
,0,0
,0,0
,0,0
,0,0
,0,0
,0,0
,0,0
,0,0
,0,0
,0,0
,0,0
,0,0
,0,0
,0,0
,0,0
,0,0
,0,0
,0,0
,0,0
,0,0
,0,0
,0,0
,0,0
,0,0
,0,0
,0,0
,0,0
,0,0
3514,0,0
,0,0
,0,0
,0,0
,0,0
,0,0
,0,0
,0,0
,0,0
,0,0
,0,0
,0,0
,0,0
3527,0,0
,0,0
,0,0
,0,0
,0,0
,0,0
,0,0
,0,0
,0,0
3536,0,0
,0,0
,0,0
,0,0
3540,0,0
,0,0
,0,0
3543,0,0
,0,0
,0,0
,0,0
,0,0
,0,0
,0,0
,0,0
,0,0
,0,0
,0,0
,0,0
,0,0
,0,0
,0,0
,0,0
,0,0
,0,0
,0,0
,0,0
,0,0
,0,0
,0,0
,0,0
,0,0
,0,0
,0,0
,0,0
,0,0
,0,0
,0,0
,0,0
,0,0
,0,0
3577,0,0
,0,0
,0,0
,0,0
,0,0
,0,0
,0,0
,0,0
,0,0
,0,0
,0,0
,0,0
,0,0
,0,0
3591,0,0
,0,0
,0,0
,0,0
,0,0
3596,0,0
,0,0
,0,0
,0,0
,0,0
,0,0
,0,0
,0,0
,0,0
,0,0
,0,0
,0,0
,0,0
3609,0,0
,0,0
,0,0
,0,0
3613,0,0
,0,0
,0,0
,0,0
3617,0,0
,0,0
,0,0
,0,0
,0,0
,0,0
,0,0
,0,0
,0,0
,0,0
3627,0,0
,0,0
,0,0
,0,0
,0,0
,0,0
,0,0
,0,0
3635,0,0
,0,0
,0,0
,0,0
3639,0,0
,0,0
,0,0
,0,0
,0,0
,0,0
,0,0
,0,0
,0,0
3648,0,0
,0,0
,0,0
,0,0
,0,0
,0,0
,0,0
,0,0
,0,0
,0,0
,0,0
,0,0
,0,0
,0,0
,0,0
,0,0
,0,0
,0,0
,0,0
,0,0
3668,0,0
,0,0
,0,0
,0,0
,0,0
,0,0
,0,0
,0,0
,0,0
,0,0
3678,0,0
3679,0,0
,0,0
,0,0
3682,0,0
,0,0
,0,0
,0,0
,0,0
,0,0
,0,0
,0,0
,0,0
,0,0
,0,0
,0,0
,0,0
,0,0
,0,0
3697,0,0
,0,0
,0,0
,0,0
,0,0
3702,0,0
3703,0,0
,0,0
3705,0,0
,0,0
,0,0
,0,0
,0,0
,0,0
,0,0
,0,0
,0,0
,0,0
,0,0
,0,0
,0,0
,0,0
,0,0
,0,0
,0,0
,0,0
,0,0
,0,0
,0,0
,0,0
,0,0
3728,0,0
,0,0
,0,0
,0,0
,0,0
,0,0
,0,0
,0,0
,0,0
,0,0
,0,0
3739,0,0
,0,0
,0,0
,0,0
,0,0
,0,0
,0,0
,0,0
,0,0
,0,0
,0,0
,0,0
,0,0
,0,0
,0,0
,0,0
,0,0
,0,0
,0,0
,0,0
,0,0
,0,0
,0,0
,0,0
,0,0
,0,0
3765,0,0
,0,0
,0,0
,0,0
,0,0
,0,0
,0,0
,0,0
,0,0
3774,0,0
,0,0
,0,0
,0,0
,0,0
,0,0
,0,0
,0,0
,0,0
,0,0
,0,0
,0,0
,0,0
,0,0
,0,0
,0,0
,0,0
,0,0
,0,0
3793,0,0
,0,0
,0,0
,0,0
,0,0
3798,0,0
,0,0
,0,0
,0,0
,0,0
,0,0
,0,0
,0,0
,0,0
,0,0
,0,0
,0,0
3810,0,0
,0,0
,0,0
,0,0
,0,0
,0,0
,0,0
3817,0,0
,0,0
,0,0
,0,0
,0,0
,0,0
,0,0
,0,0
,0,0
,0,0
,0,0
3828,0,0
,0,0
,0,0
,0,0
,0,0
,0,0
,0,0
,0,0
,0,0
,0,0
,0,0
,0,0
,0,0
3841,0,0
,0,0
,0,0
,0,0
,0,0
,0,0
,0,0
,0,0
,0,0
3850,0,0
,0,0
,0,0
,0,0
,0,0
3855,0,0
,0,0
,0,0
3858,0,0
,0,0
,0,0
,0,0
,0,0
,0,0
,0,0
,0,0
,0,0
,0,0
,0,0
,0,0
,0,0
,0,0
,0,0
,0,0
,0,0
,0,0
,0,0
,0,0
,0,0
,0,0
,0,0
,0,0
,0,0
,0,0
,0,0
,0,0
,0,0
3887,0,0
,0,0
,0,0
,0,0
,0,0
,0,0
,0,0
,0,0
,0,0
,0,0
,0,0
,0,0
,0,0
,0,0
,0,0
,0,0
,0,0
,0,0
,0,0
,0,0
,0,0
,0,0
,0,0
,0,0
3911,0,0
,0,0
,0,0
,0,0
,0,0
,0,0
,0,0
,0,0
,0,0
,0,0
,0,0
,0,0
,0,0
,0,0
,0,0
,0,0
,0,0
,0,0
,0,0
,0,0
3931,0,0
3932,0,0
,0,0
,0,0
,0,0
,0,0
,0,0
,0,0
,0,0
,0,0
,0,0
,0,0
,0,0
,0,0
,0,0
,0,0
,0,0
,0,0
,0,0
,0,0
3951,0,0
3952,0,0
,0,0
,0,0
,0,0
,0,0
,0,0
,0,0
,0,0
,0,0
,0,0
,0,0
,0,0
,0,0
,0,0
,0,0
,0,0
,0,0
,0,0
3970,0,0
,0,0
,0,0
,0,0
,0,0
,0,0
,0,0
,0,0
,0,0
,0,0
3980,0,0
,0,0
,0,0
,0,0
,0,0
,0,0
,0,0
,0,0
,0,0
,0,0
,0,0
,0,0
,0,0
,0,0
,0,0
,0,0
,0,0
,0,0
,0,0
,0,0
,0,0
,0,0
,0,0
,0,0
4004,0,0
,0,0
,0,0
,0,0
,0,0
,0,0
,0,0
,0,0
,0,0
,0,0
4014,0,0
,0,0
,0,0
,0,0
,0,0
,0,0
,0,0
,0,0
,0,0
,0,0
,0,0
,0,0
,0,0
,0,0
,0,0
,0,0
,0,0
,0,0
,0,0
,0,0
,0,0
,0,0
,0,0
,0,0
,0,0
4039,0,0
,0,0
,0,0
,0,0
,0,0
,0,0
,0,0
,0,0
,0,0
4048,0,0
,0,0
,0,0
4051,0,0
,0,0
,0,0
,0,0
,0,0
,0,0
,0,0
,0,0
,0,0
,0,0
,0,0
,0,0
4063,0,0
,0,0
,0,0
,0,0
,0,0
,0,0
,0,0
,0,0
,0,0
,0,0
,0,0
,0,0
,0,0
,0,0
,0,0
,0,0
4079,0,0
,0,0
,0,0
,0,0
,0,0
,0,0
,0,0
,0,0
,0,0
,0,0
,0,0
,0,0
,0,0
,0,0
4093,0,0
,0,0
,0,0
,0,0
,0,0
,0,0
,0,0
,0,0
,0,0
,0,0
,0,0
,0,0
,0,0
,0,0
,0,0
,0,0
,0,0
,0,0
,0,0
,0,0
,0,0
,0,0
,0,0
,0,0
,0,0
,0,0
,0,0
,0,0
,0,0
,0,0
,0,0
,0,0
,0,0
,0,0
,0,0
4128,0,0
4129,0,0
,0,0
,0,0
,0,0
,0,0
,0,0
,0,0
4136,0,0
,0,0
4138,0,0
,0,0
,0,0
,0,0
,0,0
,0,0
,0,0
4145,0,0
,0,0
,0,0
,0,0
,0,0
,0,0
,0,0
,0,0
4153,0,0
,0,0
,0,0
,0,0
,0,0
,0,0
,0,0
,0,0
,0,0
,0,0
,0,0
,0,0
,0,0
,0,0
,0,0
,0,0
4169,0,0
,0,0
,0,0
,0,0
,0,0
,0,0
,0,0
,0,0
,0,0
,0,0
,0,0
,0,0
,0,0
,0,0
,0,0
,0,0
,0,0
,0,0
,0,0
,0,0
,0,0
,0,0
,0,0
,0,0
,0,0
,0,0
,0,0
,0,0
,0,0
4198,0,0
,0,0
,0,0
,0,0
,0,0
,0,0
,0,0
,0,0
,0,0
,0,0
,0,0
,0,0
,0,0
,0,0
,0,0
,0,0
,0,0
4215,0,0
,0,0
,0,0
,0,0
,0,0
,0,0
,0,0
,0,0
,0,0
,0,0
,0,0
,0,0
,0,0
,0,0
,0,0
4230,0,0
4231,0,0
,0,0
,0,0
,0,0
,0,0
,0,0
,0,0
,0,0
,0,0
,0,0
,0,0
,0,0
,0,0
,0,0
,0,0
,0,0
,0,0
,0,0
,0,0
,0,0
,0,0
,0,0
4253,0,0
4254,0,0
,0,0
4256,0,0
,0,0
,0,0
,0,0
4260,0,0
,0,0
,0,0
,0,0
,0,0
,0,0
4266,0,0
,0,0
,0,0
,0,0
,0,0
,0,0
,0,0
,0,0
,0,0
,0,0
,0,0
,0,0
,0,0
,0,0
,0,0
,0,0
,0,0
,0,0
4284,0,0
,0,0
,0,0
,0,0
4288,0,0
,0,0
,0,0
,0,0
,0,0
,0,0
,0,0
,0,0
,0,0
4297,0,0
,0,0
4299,0,0
,0,0
,0,0
,0,0
,0,0
,0,0
4305,0,0
,0,0
,0,0
,0,0
,0,0
,0,0
,0,0
,0,0
,0,0
,0,0
,0,0
,0,0
,0,0
,0,0
4319,0,0
,0,0
4321,0,0
,0,0
,0,0
,0,0
,0,0
,0,0
,0,0
,0,0
,0,0
,0,0
,0,0
4332,0,0
,0,0
,0,0
,0,0
,0,0
,0,0
4338,0,0
,0,0
,0,0
4341,0,0
,0,0
,0,0
,0,0
4345,0,0
,0,0
4347,0,0
,0,0
,0,0
,0,0
,0,0
,0,0
,0,0
,0,0
,0,0
4356,0,0
4357,0,0
,0,0
,0,0
,0,0
4361,0,0
,0,0
,0,0
,0,0
,0,0
4366,0,0
,0,0
,0,0
4369,0,0
,0,0
,0,0
4372,0,0
4373,0,0
,0,0
,0,0
,0,0
,0,0
,0,0
,0,0
4380,0,0
,0,0
,0,0
,0,0
,0,0
,0,0
,0,0
,0,0
,0,0
,0,0
,0,0
,0,0
,0,0
,0,0
4394,0,0
,0,0
,0,0
,0,0
,0,0
,0,0
,0,0
,0,0
,0,0
,0,0
,0,0
,0,0
,0,0
,0,0
,0,0
,0,0
,0,0
,0,0
,0,0
,0,0
,0,0
,0,0
,0,0
,0,0
,0,0
,0,0
,0,0
,0,0
,0,0
4423,0,0
,0,0
,0,0
4426,0,0
,0,0
,0,0
,0,0
,0,0
,0,0
,0,0
,0,0
,0,0
,0,0
,0,0
,0,0
,0,0
,0,0
,0,0
,0,0
4442,0,0
,0,0
,0,0
,0,0
,0,0
,0,0
,0,0
,0,0
,0,0
4451,0,0
,0,0
4453,0,0
,0,0
,0,0
,0,0
,0,0
,0,0
,0,0
,0,0
,0,0
4462,0,0
,0,0
,0,0
,0,0
,0,0
,0,0
,0,0
,0,0
,0,0
,0,0
,0,0
,0,0
,0,0
4475,0,0
,0,0
,0,0
,0,0
,0,0
,0,0
,0,0
,0,0
,0,0
,0,0
,0,0
,0,0
,0,0
4488,0,0
4489,0,0
,0,0
,0,0
,0,0
,0,0
,0,0
,0,0
,0,0
4497,0,0
,0,0
,0,0
,0,0
4501,0,0
,0,0
,0,0
,0,0
,0,0
,0,0
,0,0
,0,0
,0,0
,0,0
,0,0
,0,0
,0,0
,0,0
,0,0
,0,0
,0,0
,0,0
,0,0
,0,0
,0,0
,0,0
,0,0
,0,0
,0,0
,0,0
4527,0,0
,0,0
,0,0
,0,0
,0,0
4532,0,0
,0,0
,0,0
,0,0
,0,0
,0,0
,0,0
4539,0,0
,0,0
,0,0
,0,0
,0,0
,0,0
4545,0,0
,0,0
,0,0
,0,0
,0,0
,0,0
,0,0
,0,0
,0,0
4554,0,0
,0,0
,0,0
,0,0
,0,0
,0,0
,0,0
,0,0
,0,0
,0,0
,0,0
,0,0
,0,0
,0,0
,0,0
,0,0
4570,0,0
,0,0
,0,0
,0,0
,0,0
,0,0
,0,0
,0,0
,0,0
,0,0
,0,0
,0,0
,0,0
,0,0
,0,0
4585,0,0
,0,0
,0,0
4588,0,0
,0,0
4590,0,0
,0,0
,0,0
,0,0
4594,0,0
,0,0
,0,0
,0,0
,0,0
,0,0
,0,0
,0,0
,0,0
,0,0
,0,0
,0,0
,0,0
,0,0
,0,0
,0,0
,0,0
,0,0
,0,0
,0,0
,0,0
4615,0,0
,0,0
,0,0
,0,0
,0,0
,0,0
,0,0
,0,0
,0,0
,0,0
,0,0
,0,0
,0,0
,0,0
,0,0
,0,0
,0,0
,0,0
,0,0
,0,0
,0,0
,0,0
4637,0,0
,0,0
,0,0
,0,0
,0,0
,0,0
,0,0
,0,0
,0,0
,0,0
,0,0
,0,0
,0,0
,0,0
4651,0,0
4652,0,0
,0,0
,0,0
,0,0
,0,0
,0,0
4658,0,0
,0,0
,0,0
,0,0
,0,0
,0,0
,0,0
,0,0
,0,0
,0,0
,0,0
,0,0
,0,0
4671,0,0
,0,0
,0,0
,0,0
,0,0
,0,0
,0,0
4678,0,0
,0,0
,0,0
,0,0
,0,0
,0,0
4684,0,0
4685,0,0
,0,0
,0,0
,0,0
,0,0
4690,0,0
,0,0
,0,0
,0,0
,0,0
,0,0
,0,0
,0,0
,0,0
,0,0
,0,0
,0,0
,0,0
,0,0
,0,0
,0,0
,0,0
,0,0
,0,0
,0,0
,0,0
,0,0
,0,0
,0,0
,0,0
,0,0
,0,0
,0,0
,0,0
,0,0
,0,0
,0,0
,0,0
,0,0
,0,0
,0,0
,0,0
,0,0
,0,0
,0,0
,0,0
,0,0
,0,0
4733,0,0
,0,0
,0,0
,0,0
,0,0
,0,0
,0,0
,0,0
,0,0
4742,0,0
,0,0
4744,0,0
,0,0
,0,0
,0,0
,0,0
4749,0,0
,0,0
,0,0
4752,0,0
,0,0
,0,0
,0,0
,0,0
4757,0,0
4758,0,0
,0,0
,0,0
,0,0
4762,0,0
,0,0
,0,0
,0,0
,0,0
,0,0
,0,0
,0,0
,0,0
,0,0
,0,0
,0,0
,0,0
,0,0
,0,0
,0,0
,0,0
4779,0,0
,0,0
,0,0
4782,0,0
,0,0
,0,0
,0,0
,0,0
,0,0
,0,0
,0,0
,0,0
,0,0
,0,0
4793,0,0
4794,0,0
,0,0
,0,0
,0,0
,0,0
,0,0
,0,0
,0,0
,0,0
,0,0
,0,0
,0,0
,0,0
,0,0
4808,0,0
,0,0
,0,0
,0,0
,0,0
,0,0
4814,0,0
,0,0
,0,0
,0,0
,0,0
4819,0,0
,0,0
,0,0
,0,0
,0,0
,0,0
,0,0
,0,0
,0,0
,0,0
,0,0
,0,0
,0,0
,0,0
4833,0,0
,0,0
,0,0
,0,0
,0,0
,0,0
,0,0
,0,0
,0,0
,0,0
,0,0
,0,0
,0,0
,0,0
,0,0
,0,0
,0,0
,0,0
,0,0
,0,0
,0,0
4854,0,0
,0,0
,0,0
4857,0,0
,0,0
,0,0
,0,0
,0,0
,0,0
,0,0
4864,0,0
,0,0
,0,0
,0,0
,0,0
4869,0,0
,0,0
4871,0,0
,0,0
,0,0
,0,0
,0,0
,0,0
,0,0
,0,0
,0,0
,0,0
,0,0
,0,0
,0,0
,0,0
,0,0
,0,0
,0,0
,0,0
,0,0
,0,0
,0,0
,0,0
,0,0
,0,0
,0,0
,0,0
4897,0,0
,0,0
,0,0
,0,0
,0,0
,0,0
,0,0
4904,0,0
,0,0
,0,0
,0,0
,0,0
,0,0
,0,0
,0,0
,0,0
,0,0
,0,0
4915,0,0
,0,0
,0,0
,0,0
4919,0,0
,0,0
,0,0
,0,0
,0,0
,0,0
,0,0
,0,0
,0,0
,0,0
,0,0
,0,0
,0,0
,0,0
,0,0
,0,0
,0,0
,0,0
,0,0
,0,0
,0,0
,0,0
,0,0
,0,0
,0,0
,0,0
,0,0
,0,0
,0,0
,0,0
,0,0
,0,0
,0,0
,0,0
,0,0
,0,0
,0,0
4956,0,0
,0,0
,0,0
,0,0
,0,0
,0,0
,0,0
,0,0
,0,0
,0,0
,0,0
,0,0
,0,0
,0,0
4970,0,0
,0,0
4972,0,0
,0,0
4974,0,0
,0,0
,0,0
,0,0
,0,0
,0,0
,0,0
,0,0
,0,0
,0,0
,0,0
,0,0
,0,0
4987,0,0
4988,0,0
,0,0
,0,0
,0,0
,0,0
,0,0
,0,0
,0,0
,0,0
,0,0
,0,0
,0,0
,0,0
,0,0
,0,0
,0,0
,0,0
,0,0
,0,0
,0,0
,0,0
,0,0
,0,0
5011,0,0
,0,0
,0,0
,0,0
,0,0
,0,0
,0,0
,0,0
,0,0
,0,0
,0,0
,0,0
,0,0
,0,0
,0,0
,0,0
,0,0
,0,0
,0,0
,0,0
,0,0
,0,0
,0,0
,0,0
,0,0
,0,0
,0,0
5038,0,0
,0,0
,0,0
,0,0
,0,0
,0,0
,0,0
,0,0
,0,0
,0,0
,0,0
,0,0
,0,0
,0,0
5052,0,0
,0,0
,0,0
5055,0,0
5056,0,0
,0,0
,0,0
,0,0
,0,0
,0,0
,0,0
,0,0
5064,0,0
,0,0
,0,0
5067,0,0
,0,0
,0,0
,0,0
,0,0
,0,0
,0,0
,0,0
,0,0
5076,0,0
,0,0
,0,0
,0,0
,0,0
,0,0
,0,0
,0,0
,0,0
,0,0
5086,0,0
,0,0
,0,0
,0,0
,0,0
,0,0
,0,0
5093,0,0
,0,0
,0,0
,0,0
,0,0
,0,0
,0,0
,0,0
,0,0
,0,0
,0,0
5104,0,0
,0,0
,0,0
5107,0,0
5108,0,0
,0,0
,0,0
,0,0
,0,0
,0,0
,0,0
,0,0
,0,0
,0,0
,0,0
5119,0,0
,0,0
,0,0
,0,0
,0,0
5124,0,0
,0,0
,0,0
,0,0
,0,0
,0,0
,0,0
,0,0
,0,0
,0,0
,0,0
,0,0
,0,0
,0,0
,0,0
,0,0
5140,0,0
,0,0
,0,0
,0,0
5144,0,0
,0,0
,0,0
,0,0
,0,0
,0,0
,0,0
,0,0
,0,0
,0,0
,0,0
,0,0
,0,0
,0,0
,0,0
,0,0
,0,0
,0,0
,0,0
,0,0
,0,0
,0,0
,0,0
,0,0
,0,0
,0,0
,0,0
5171,0,0
,0,0
,0,0
,0,0
,0,0
,0,0
,0,0
5178,0,0
,0,0
5180,0,0
,0,0
5182,0,0
,0,0
,0,0
,0,0
,0,0
,0,0
,0,0
,0,0
,0,0
,0,0
5192,0,0
,0,0
,0,0
,0,0
,0,0
,0,0
,0,0
,0,0
,0,0
,0,0
,0,0
,0,0
,0,0
,0,0
,0,0
,0,0
,0,0
5209,0,0
,0,0
,0,0
5212,0,0
,0,0
5214,0,0
5215,0,0
,0,0
,0,0
,0,0
,0,0
5220,0,0
5221,0,0
,0,0
,0,0
,0,0
5225,0,0
,0,0
,0,0
,0,0
,0,0
,0,0
,0,0
,0,0
,0,0
,0,0
,0,0
,0,0
,0,0
5238,0,0
,0,0
,0,0
,0,0
,0,0
,0,0
,0,0
,0,0
,0,0
,0,0
,0,0
,0,0
5250,0,0
,0,0
,0,0
,0,0
,0,0
,0,0
,0,0
5257,0,0
,0,0
,0,0
,0,0
,0,0
,0,0
,0,0
,0,0
,0,0
,0,0
,0,0
,0,0
,0,0
5270,0,0
,0,0
,0,0
,0,0
,0,0
,0,0
,0,0
,0,0
,0,0
5279,0,0
,0,0
,0,0
,0,0
,0,0
,0,0
,0,0
5286,0,0
,0,0
5288,0,0
,0,0
,0,0
,0,0
,0,0
,0,0
,0,0
,0,0
,0,0
,0,0
,0,0
,0,0
,0,0
,0,0
,0,0
,0,0
,0,0
,0,0
,0,0
,0,0
,0,0
,0,0
,0,0
,0,0
,0,0
,0,0
5314,0,0
5315,0,0
,0,0
,0,0
,0,0
5319,0,0
,0,0
,0,0
,0,0
,0,0
,0,0
,0,0
,0,0
,0,0
,0,0
,0,0
,0,0
,0,0
,0,0
,0,0
,0,0
,0,0
,0,0
,0,0
,0,0
,0,0
,0,0
,0,0
,0,0
,0,0
5344,0,0
,0,0
,0,0
,0,0
,0,0
,0,0
,0,0
,0,0
,0,0
,0,0
5354,0,0
,0,0
,0,0
5357,0,0
,0,0
,0,0
,0,0
,0,0
5362,0,0
,0,0
5364,0,0
,0,0
,0,0
,0,0
,0,0
,0,0
,0,0
,0,0
,0,0
5373,0,0
,0,0
,0,0
5376,0,0
,0,0
,0,0
,0,0
,0,0
,0,0
,0,0
,0,0
,0,0
,0,0
,0,0
,0,0
,0,0
,0,0
,0,0
,0,0
,0,0
,0,0
,0,0
5395,0,0
,0,0
,0,0
5398,0,0
,0,0
,0,0
,0,0
,0,0
,0,0
,0,0
,0,0
,0,0
,0,0
,0,0
,0,0
,0,0
,0,0
,0,0
,0,0
,0,0
,0,0
,0,0
,0,0
,0,0
,0,0
,0,0
,0,0
,0,0
,0,0
,0,0
,0,0
5426,0,0
,0,0
,0,0
,0,0
,0,0
,0,0
,0,0
,0,0
,0,0
5435,0,0
,0,0
,0,0
,0,0
,0,0
,0,0
,0,0
5442,0,0
,0,0
,0,0
,0,0
,0,0
5447,0,0
,0,0
,0,0
,0,0
,0,0
,0,0
,0,0
,0,0
,0,0
,0,0
,0,0
,0,0
,0,0
,0,0
,0,0
,0,0
5463,0,0
5464,0,0
,0,0
5466,0,0
5467,0,0
,0,0
,0,0
,0,0
,0,0
,0,0
,0,0
,0,0
,0,0
,0,0
,0,0
,0,0
5479,0,0
,0,0
,0,0
,0,0
,0,0
,0,0
,0,0
,0,0
,0,0
,0,0
,0,0
,0,0
,0,0
,0,0
,0,0
,0,0
,0,0
,0,0
,0,0
,0,0
5499,0,0
,0,0
,0,0
5502,0,0
,0,0
,0,0
,0,0
5506,0,0
,0,0
,0,0
,0,0
,0,0
,0,0
,0,0
,0,0
,0,0
,0,0
5516,0,0
,0,0
,0,0
,0,0
,0,0
,0,0
,0,0
5523,0,0
,0,0
,0,0
,0,0
,0,0
,0,0
,0,0
,0,0
,0,0
,0,0
,0,0
,0,0
,0,0
,0,0
,0,0
5538,0,0
,0,0
,0,0
,0,0
,0,0
,0,0
,0,0
,0,0
,0,0
,0,0
,0,0
,0,0
,0,0
,0,0
,0,0
,0,0
,0,0
,0,0
,0,0
,0,0
5558,0,0
,0,0
,0,0
,0,0
,0,0
,0,0
,0,0
,0,0
,0,0
,0,0
,0,0
,0,0
,0,0
,0,0
,0,0
,0,0
,0,0
,0,0
,0,0
,0,0
,0,0
,0,0
,0,0
,0,0
,0,0
,0,0
,0,0
,0,0
5586,0,0
,0,0
5588,0,0
,0,0
,0,0
,0,0
,0,0
,0,0
,0,0
,0,0
,0,0
,0,0
,0,0
,0,0
,0,0
,0,0
,0,0
5603,0,0
,0,0
,0,0
,0,0
,0,0
5608,0,0
,0,0
,0,0
,0,0
,0,0
,0,0
5614,0,0
5615,0,0
,0,0
,0,0
,0,0
,0,0
,0,0
,0,0
,0,0
,0,0
,0,0
,0,0
5626,0,0
,0,0
,0,0
,0,0
,0,0
,0,0
,0,0
,0,0
,0,0
,0,0
,0,0
,0,0
,0,0
,0,0
,0,0
5641,0,0
,0,0
,0,0
5644,0,0
,0,0
,0,0
,0,0
,0,0
,0,0
,0,0
5651,0,0
,0,0
,0,0
,0,0
,0,0
5656,0,0
,0,0
,0,0
,0,0
,0,0
,0,0
,0,0
,0,0
,0,0
,0,0
,0,0
,0,0
5668,0,0
,0,0
,0,0
,0,0
,0,0
,0,0
,0,0
,0,0
,0,0
,0,0
,0,0
,0,0
,0,0
,0,0
,0,0
,0,0
,0,0
5685,0,0
,0,0
,0,0
5688,0,0
,0,0
,0,0
5691,0,0
,0,0
,0,0
,0,0
,0,0
5696,0,0
,0,0
,0,0
,0,0
5700,0,0
,0,0
,0,0
,0,0
,0,0
,0,0
,0,0
5707,0,0
,0,0
,0,0
,0,0
,0,0
5712,0,0
,0,0
,0,0
,0,0
5716,0,0
,0,0
,0,0
,0,0
,0,0
,0,0
,0,0
,0,0
,0,0
,0,0
,0,0
,0,0
,0,0
,0,0
,0,0
,0,0
,0,0
,0,0
,0,0
,0,0
5736,0,0
,0,0
,0,0
5739,0,0
,0,0
,0,0
,0,0
,0,0
,0,0
,0,0
,0,0
,0,0
,0,0
,0,0
,0,0
,0,0
,0,0
,0,0
,0,0
,0,0
,0,0
,0,0
,0,0
5759,0,0
,0,0
,0,0
,0,0
5763,0,0
,0,0
,0,0
,0,0
,0,0
5768,0,0
,0,0
5770,0,0
,0,0
,0,0
,0,0
,0,0
,0,0
,0,0
,0,0
,0,0
,0,0
,0,0
,0,0
,0,0
,0,0
,0,0
,0,0
,0,0
,0,0
,0,0
,0,0
,0,0
,0,0
,0,0
,0,0
,0,0
,0,0
,0,0
,0,0
,0,0
,0,0
,0,0
,0,0
,0,0
5803,0,0
,0,0
,0,0
,0,0
,0,0
,0,0
,0,0
,0,0
,0,0
,0,0
,0,0
,0,0
,0,0
,0,0
,0,0
,0,0
,0,0
,0,0
,0,0
,0,0
,0,0
,0,0
,0,0
5826,0,0
,0,0
,0,0
,0,0
,0,0
,0,0
,0,0
,0,0
,0,0
,0,0
,0,0
,0,0
,0,0
,0,0
,0,0
,0,0
,0,0
,0,0
,0,0
5845,0,0
,0,0
5847,0,0
,0,0
5849,0,0
,0,0
,0,0
5852,0,0
,0,0
5854,0,0
,0,0
,0,0
5857,0,0
,0,0
,0,0
,0,0
5861,0,0
,0,0
,0,0
,0,0
5865,0,0
,0,0
,0,0
,0,0
,0,0
,0,0
,0,0
,0,0
,0,0
,0,0
,0,0
,0,0
5877,0,0
5878,0,0
,0,0
,0,0
,0,0
,0,0
,0,0
,0,0
5885,0,0
,0,0
,0,0
,0,0
,0,0
,0,0
,0,0
,0,0
,0,0
,0,0
,0,0
,0,0
,0,0
,0,0
,0,0
,0,0
,0,0
,0,0
,0,0
,0,0
,0,0
,0,0
5907,0,0
,0,0
,0,0
,0,0
,0,0
,0,0
,0,0
,0,0
,0,0
5916,0,0
,0,0
,0,0
,0,0
,0,0
,0,0
,0,0
,0,0
,0,0
,0,0
,0,0
,0,0
,0,0
,0,0
,0,0
,0,0
,0,0
,0,0
,0,0
,0,0
,0,0
,0,0
,0,0
5939,0,0
5940,0,0
,0,0
,0,0
,0,0
,0,0
,0,0
5946,0,0
,0,0
,0,0
,0,0
,0,0
,0,0
,0,0
,0,0
,0,0
,0,0
,0,0
,0,0
,0,0
,0,0
,0,0
,0,0
,0,0
,0,0
,0,0
,0,0
,0,0
,0,0
,0,0
,0,0
,0,0
,0,0
,0,0
,0,0
,0,0
,0,0
,0,0
,0,0
,0,0
,0,0
,0,0
,0,0
,0,0
5983,0,0
,0,0
,0,0
,0,0
5987,0,0
,0,0
,0,0
,0,0
,0,0
,0,0
5993,0,0
,0,0
,0,0
,0,0
,0,0
,0,0
,0,0
,0,0
,0,0
,0,0
,0,0
,0,0
,0,0
,0,0
,0,0
,0,0
,0,0
,0,0
,0,0
,0,0
,0,0
,0,0
,0,0
6016,0,0
,0,0
,0,0
,0,0
,0,0
,0,0
,0,0
,0,0
6024,0,0
,0,0
,0,0
,0,0
,0,0
,0,0
6030,0,0
,0,0
,0,0
,0,0
,0,0
,0,0
,0,0
,0,0
,0,0
,0,0
,0,0
,0,0
,0,0
,0,0
,0,0
,0,0
6046,0,0
,0,0
,0,0
,0,0
,0,0
,0,0
,0,0
,0,0
,0,0
,0,0
,0,0
6057,0,0
,0,0
,0,0
,0,0
6061,0,0
,0,0
,0,0
,0,0
,0,0
,0,0
,0,0
,0,0
,0,0
6070,0,0
,0,0
,0,0
,0,0
,0,0
6075,0,0
,0,0
,0,0
,0,0
,0,0
,0,0
,0,0
,0,0
,0,0
,0,0
,0,0
,0,0
,0,0
,0,0
,0,0
,0,0
,0,0
,0,0
6093,0,0
,0,0
,0,0
,0,0
,0,0
,0,0
6099,0,0
,0,0
,0,0
,0,0
,0,0
,0,0
,0,0
,0,0
,0,0
,0,0
,0,0
,0,0
,0,0
,0,0
,0,0
,0,0
,0,0
,0,0
,0,0
,0,0
,0,0
,0,0
,0,0
,0,0
,0,0
,0,0
,0,0
,0,0
,0,0
,0,0
,0,0
,0,0
,0,0
,0,0
,0,0
,0,0
,0,0
,0,0
,0,0
,0,0
6139,0,0
,0,0
,0,0
,0,0
6143,0,0
,0,0
,0,0
,0,0
,0,0
,0,0
6149,0,0
,0,0
6151,0,0
,0,0
,0,0
,0,0
,0,0
,0,0
,0,0
,0,0
,0,0
,0,0
,0,0
,0,0
,0,0
,0,0
,0,0
,0,0
,0,0
6168,0,0
,0,0
,0,0
,0,0
,0,0
,0,0
,0,0
,0,0
,0,0
,0,0
,0,0
6179,0,0
,0,0
6181,0,0
,0,0
,0,0
6184,0,0
,0,0
,0,0
,0,0
,0,0
,0,0
,0,0
,0,0
,0,0
,0,0
,0,0
,0,0
,0,0
,0,0
,0,0
,0,0
6200,0,0
,0,0
,0,0
,0,0
6204,0,0
,0,0
,0,0
,0,0
,0,0
,0,0
6210,0,0
,0,0
,0,0
,0,0
,0,0
,0,0
,0,0
,0,0
,0,0
,0,0
,0,0
,0,0
,0,0
,0,0
,0,0
,0,0
,0,0
,0,0
,0,0
,0,0
,0,0
,0,0
,0,0
,0,0
,0,0
,0,0
,0,0
,0,0
,0,0
,0,0
,0,0
,0,0
,0,0
,0,0
,0,0
,0,0
,0,0
,0,0
,0,0
6249,0,0
,0,0
,0,0
,0,0
,0,0
,0,0
,0,0
,0,0
,0,0
,0,0
,0,0
,0,0
,0,0
6262,0,0
6263,0,0
,0,0
6265,0,0
,0,0
,0,0
,0,0
,0,0
,0,0
6271,0,0
,0,0
,0,0
,0,0
,0,0
,0,0
,0,0
,0,0
6279,0,0
,0,0
,0,0
,0,0
6283,0,0
6284,0,0
,0,0
,0,0
,0,0
,0,0
,0,0
,0,0
,0,0
6292,0,0
,0,0
,0,0
,0,0
,0,0
,0,0
,0,0
,0,0
,0,0
,0,0
,0,0
,0,0
6304,0,0
,0,0
,0,0
,0,0
6308,0,0
,0,0
,0,0
,0,0
,0,0
,0,0
,0,0
,0,0
,0,0
,0,0
,0,0
,0,0
,0,0
6321,0,0
,0,0
,0,0
,0,0
,0,0
,0,0
6327,0,0
,0,0
,0,0
,0,0
,0,0
,0,0
,0,0
,0,0
,0,0
,0,0
,0,0
,0,0
,0,0
,0,0
,0,0
,0,0
,0,0
,0,0
,0,0
,0,0
,0,0
,0,0
,0,0
,0,0
,0,0
,0,0
,0,0
6354,0,0
,0,0
,0,0
6357,0,0
,0,0
,0,0
,0,0
,0,0
,0,0
,0,0
6364,0,0
,0,0
,0,0
,0,0
,0,0
,0,0
,0,0
,0,0
,0,0
,0,0
,0,0
,0,0
,0,0
,0,0
,0,0
,0,0
,0,0
,0,0
6382,0,0
,0,0
,0,0
,0,0
,0,0
,0,0
,0,0
,0,0
,0,0
,0,0
,0,0
,0,0
,0,0
6395,0,0
,0,0
,0,0
,0,0
,0,0
,0,0
6401,0,0
,0,0
,0,0
,0,0
,0,0
,0,0
,0,0
,0,0
,0,0
,0,0
,0,0
,0,0
,0,0
,0,0
6415,0,0
,0,0
,0,0
,0,0
,0,0
,0,0
,0,0
,0,0
,0,0
,0,0
,0,0
,0,0
,0,0
,0,0
,0,0
,0,0
,0,0
,0,0
,0,0
,0,0
,0,0
,0,0
,0,0
,0,0
,0,0
,0,0
6441,0,0
6442,0,0
6443,0,0
,0,0
,0,0
,0,0
,0,0
,0,0
,0,0
,0,0
,0,0
,0,0
,0,0
,0,0
,0,0
6456,0,0
,0,0
,0,0
,0,0
,0,0
,0,0
,0,0
,0,0
,0,0
,0,0
,0,0
,0,0
,0,0
,0,0
,0,0
,0,0
,0,0
,0,0
,0,0
,0,0
,0,0
,0,0
,0,0
,0,0
,0,0
,0,0
,0,0
,0,0
,0,0
,0,0
,0,0
,0,0
,0,0
,0,0
,0,0
,0,0
,0,0
,0,0
,0,0
,0,0
,0,0
,0,0
,0,0
,0,0
,0,0
,0,0
,0,0
,0,0
,0,0
,0,0
,0,0
,0,0
6508,0,0
,0,0
,0,0
6511,0,0
,0,0
,0,0
,0,0
,0,0
,0,0
,0,0
,0,0
,0,0
,0,0
,0,0
,0,0
,0,0
6524,0,0
,0,0
,0,0
,0,0
,0,0
,0,0
,0,0
,0,0
,0,0
,0,0
,0,0
,0,0
,0,0
,0,0
,0,0
,0,0
,0,0
,0,0
,0,0
,0,0
6544,0,0
6545,0,0
,0,0
,0,0
,0,0
,0,0
,0,0
,0,0
,0,0
,0,0
,0,0
,0,0
,0,0
6557,0,0
,0,0
6559,0,0
,0,0
,0,0
,0,0
,0,0
,0,0
,0,0
,0,0
,0,0
,0,0
,0,0
,0,0
,0,0
,0,0
6573,0,0
,0,0
,0,0
,0,0
,0,0
,0,0
,0,0
,0,0
,0,0
,0,0
,0,0
,0,0
,0,0
,0,0
6587,0,0
,0,0
,0,0
,0,0
,0,0
,0,0
,0,0
,0,0
,0,0
6596,0,0
,0,0
,0,0
,0,0
6600,0,0
6601,0,0
,0,0
,0,0
,0,0
6605,0,0
,0,0
,0,0
6608,0,0
,0,0
,0,0
,0,0
6612,0,0
,0,0
,0,0
,0,0
,0,0
,0,0
,0,0
,0,0
,0,0
,0,0
6622,0,0
,0,0
,0,0
,0,0
,0,0
,0,0
,0,0
,0,0
,0,0
,0,0
,0,0
,0,0
,0,0
,0,0
,0,0
,0,0
,0,0
,0,0
,0,0
,0,0
,0,0
,0,0
,0,0
,0,0
,0,0
,0,0
,0,0
,0,0
,0,0
,0,0
,0,0
,0,0
6654,0,0
,0,0
,0,0
,0,0
,0,0
,0,0
,0,0
,0,0
,0,0
,0,0
,0,0
6665,0,0
,0,0
,0,0
,0,0
,0,0
,0,0
,0,0
,0,0
,0,0
,0,0
,0,0
,0,0
,0,0
,0,0
,0,0
,0,0
,0,0
,0,0
,0,0
,0,0
,0,0
,0,0
,0,0
,0,0
,0,0
,0,0
,0,0
,0,0
,0,0
,0,0
,0,0
,0,0
,0,0
,0,0
,0,0
,0,0
,0,0
,0,0
6703,0,0
,0,0
,0,0
6706,0,0
,0,0
,0,0
,0,0
,0,0
,0,0
,0,0
,0,0
,0,0
,0,0
,0,0
,0,0
,0,0
,0,0
,0,0
,0,0
,0,0
,0,0
,0,0
,0,0
,0,0
,0,0
,0,0
,0,0
,0,0
,0,0
,0,0
,0,0
,0,0
,0,0
,0,0
,0,0
,0,0
,0,0
,0,0
,0,0
,0,0
,0,0
,0,0
,0,0
6746,0,0
,0,0
,0,0
,0,0
,0,0
,0,0
,0,0
,0,0
6754,0,0
6755,0,0
,0,0
,0,0
,0,0
,0,0
,0,0
,0,0
,0,0
,0,0
,0,0
,0,0
,0,0
,0,0
,0,0
,0,0
,0,0
,0,0
,0,0
,0,0
,0,0
,0,0
,0,0
,0,0
,0,0
,0,0
6780,0,0
,0,0
,0,0
,0,0
,0,0
,0,0
,0,0
,0,0
,0,0
,0,0
,0,0
,0,0
,0,0
,0,0
6794,0,0
,0,0
,0,0
6797,0,0
,0,0
,0,0
,0,0
,0,0
,0,0
,0,0
6804,0,0
,0,0
,0,0
,0,0
,0,0
,0,0
,0,0
,0,0
,0,0
6813,0,0
,0,0
,0,0
,0,0
,0,0
,0,0
,0,0
,0,0
,0,0
,0,0
,0,0
,0,0
,0,0
,0,0
,0,0
,0,0
,0,0
,0,0
6831,0,0
,0,0
,0,0
,0,0
,0,0
,0,0
,0,0
,0,0
,0,0
,0,0
,0,0
6842,0,0
,0,0
,0,0
6845,0,0
,0,0
,0,0
,0,0
,0,0
,0,0
,0,0
,0,0
,0,0
,0,0
,0,0
,0,0
6857,0,0
,0,0
,0,0
,0,0
,0,0
,0,0
,0,0
6864,0,0
,0,0
6866,0,0
,0,0
,0,0
,0,0
,0,0
,0,0
,0,0
,0,0
,0,0
,0,0
,0,0
,0,0
,0,0
,0,0
,0,0
,0,0
,0,0
,0,0
,0,0
6885,0,0
,0,0
,0,0
,0,0
,0,0
,0,0
,0,0
6892,0,0
,0,0
6894,0,0
,0,0
,0,0
,0,0
6898,0,0
,0,0
,0,0
,0,0
,0,0
,0,0
,0,0
,0,0
,0,0
,0,0
6908,0,0
,0,0
,0,0
,0,0
,0,0
,0,0
,0,0
6915,0,0
,0,0
,0,0
,0,0
,0,0
,0,0
,0,0
6922,0,0
,0,0
,0,0
,0,0
,0,0
,0,0
,0,0
,0,0
,0,0
,0,0
,0,0
,0,0
,0,0
,0,0
,0,0
,0,0
,0,0
,0,0
6940,0,0
,0,0
,0,0
,0,0
,0,0
,0,0
,0,0
,0,0
6948,0,0
,0,0
,0,0
,0,0
,0,0
,0,0
,0,0
,0,0
,0,0
,0,0
,0,0
,0,0
,0,0
,0,0
6962,0,0
,0,0
,0,0
,0,0
,0,0
,0,0
,0,0
,0,0
,0,0
,0,0
,0,0
,0,0
,0,0
,0,0
6976,0,0
,0,0
,0,0
,0,0
,0,0
,0,0
,0,0
,0,0
,0,0
,0,0
,0,0
,0,0
,0,0
6989,0,0
,0,0
,0,0
,0,0
,0,0
,0,0
,0,0
,0,0
,0,0
,0,0
,0,0
,0,0
,0,0
,0,0
,0,0
,0,0
7005,0,0
,0,0
7007,0,0
7008,0,0
7009,0,0
,0,0
,0,0
,0,0
,0,0
7014,0,0
7015,0,0
,0,0
,0,0
,0,0
,0,0
,0,0
,0,0
,0,0
,0,0
,0,0
,0,0
,0,0
,0,0
,0,0
,0,0
,0,0
,0,0
,0,0
,0,0
,0,0
,0,0
,0,0
,0,0
,0,0
,0,0
,0,0
,0,0
,0,0
,0,0
,0,0
,0,0
,0,0
,0,0
,0,0
,0,0
,0,0
,0,0
,0,0
,0,0
,0,0
,0,0
,0,0
,0,0
,0,0
,0,0
,0,0
,0,0
7062,0,0
,0,0
7064,0,0
,0,0
,0,0
,0,0
,0,0
,0,0
,0,0
,0,0
,0,0
,0,0
,0,0
,0,0
,0,0
,0,0
,0,0
,0,0
,0,0
,0,0
7082,0,0
,0,0
7084,0,0
,0,0
,0,0
,0,0
,0,0
,0,0
,0,0
,0,0
,0,0
,0,0
,0,0
,0,0
,0,0
,0,0
,0,0
,0,0
,0,0
,0,0
,0,0
,0,0
,0,0
7105,0,0
,0,0
,0,0
,0,0
,0,0
7110,0,0
,0,0
,0,0
,0,0
,0,0
,0,0
,0,0
,0,0
,0,0
,0,0
,0,0
,0,0
,0,0
7123,0,0
,0,0
,0,0
,0,0
,0,0
,0,0
,0,0
,0,0
,0,0
,0,0
,0,0
,0,0
,0,0
,0,0
,0,0
,0,0
,0,0
,0,0
,0,0
,0,0
,0,0
,0,0
,0,0
,0,0
,0,0
,0,0
,0,0
,0,0
,0,0
,0,0
,0,0
,0,0
,0,0
,0,0
7157,0,0
,0,0
,0,0
,0,0
7161,0,0
7162,0,0
,0,0
,0,0
,0,0
,0,0
,0,0
,0,0
,0,0
,0,0
,0,0
,0,0
,0,0
,0,0
,0,0
,0,0
,0,0
,0,0
,0,0
,0,0
,0,0
,0,0
,0,0
,0,0
,0,0
,0,0
,0,0
7188,0,0
,0,0
,0,0
,0,0
,0,0
7193,0,0
7194,0,0
,0,0
7196,0,0
,0,0
,0,0
,0,0
,0,0
,0,0
,0,0
,0,0
,0,0
,0,0
,0,0
,0,0
,0,0
7209,0,0
,0,0
,0,0
,0,0
7213,0,0
,0,0
,0,0
,0,0
,0,0
,0,0
,0,0
,0,0
,0,0
,0,0
,0,0
,0,0
,0,0
7226,0,0
,0,0
,0,0
,0,0
,0,0
,0,0
,0,0
,0,0
,0,0
,0,0
,0,0
,0,0
,0,0
,0,0
,0,0
,0,0
,0,0
,0,0
,0,0
,0,0
,0,0
,0,0
,0,0
,0,0
,0,0
,0,0
,0,0
,0,0
,0,0
7255,0,0
,0,0
,0,0
7258,0,0
,0,0
,0,0
,0,0
,0,0
,0,0
,0,0
,0,0
,0,0
,0,0
,0,0
,0,0
,0,0
,0,0
,0,0
,0,0
,0,0
,0,0
,0,0
,0,0
,0,0
,0,0
,0,0
,0,0
,0,0
,0,0
,0,0
,0,0
,0,0
,0,0
7288,0,0
,0,0
,0,0
,0,0
,0,0
,0,0
7294,0,0
,0,0
,0,0
,0,0
,0,0
,0,0
,0,0
,0,0
,0,0
,0,0
,0,0
,0,0
,0,0
,0,0
,0,0
,0,0
,0,0
7311,0,0
,0,0
,0,0
7314,0,0
7315,0,0
,0,0
,0,0
,0,0
,0,0
,0,0
,0,0
,0,0
,0,0
,0,0
,0,0
,0,0
,0,0
,0,0
,0,0
,0,0
,0,0
,0,0
,0,0
,0,0
,0,0
,0,0
,0,0
,0,0
,0,0
,0,0
,0,0
,0,0
,0,0
,0,0
,0,0
,0,0
,0,0
,0,0
,0,0
,0,0
,0,0
7352,0,0
,0,0
,0,0
,0,0
7356,0,0
,0,0
,0,0
,0,0
,0,0
,0,0
,0,0
,0,0
,0,0
,0,0
7366,0,0
,0,0
,0,0
,0,0
,0,0
,0,0
,0,0
,0,0
,0,0
,0,0
,0,0
,0,0
,0,0
,0,0
,0,0
,0,0
,0,0
7383,0,0
,0,0
,0,0
,0,0
,0,0
,0,0
,0,0
,0,0
,0,0
7392,0,0
7393,0,0
,0,0
,0,0
,0,0
,0,0
,0,0
,0,0
,0,0
,0,0
,0,0
,0,0
,0,0
,0,0
,0,0
,0,0
,0,0
7409,0,0
,0,0
7411,0,0
,0,0
,0,0
7414,0,0
,0,0
,0,0
,0,0
,0,0
,0,0
,0,0
,0,0
,0,0
7423,0,0
,0,0
7425,0,0
7426,0,0
,0,0
,0,0
,0,0
,0,0
,0,0
,0,0
,0,0
7434,0,0
,0,0
7436,0,0
,0,0
,0,0
,0,0
,0,0
,0,0
,0,0
,0,0
,0,0
,0,0
,0,0
,0,0
,0,0
,0,0
7450,0,0
,0,0
7452,0,0
,0,0
,0,0
,0,0
,0,0
,0,0
7458,0,0
7459,0,0
,0,0
7461,0,0
,0,0
,0,0
,0,0
,0,0
,0,0
,0,0
,0,0
,0,0
,0,0
,0,0
,0,0
7473,0,0
,0,0
7475,0,0
,0,0
,0,0
,0,0
,0,0
,0,0
,0,0
,0,0
,0,0
,0,0
,0,0
,0,0
,0,0
,0,0
,0,0
,0,0
,0,0
,0,0
,0,0
,0,0
,0,0
,0,0
,0,0
7498,0,0
,0,0
,0,0
,0,0
7502,0,0
,0,0
,0,0
,0,0
,0,0
,0,0
,0,0
,0,0
,0,0
,0,0
,0,0
,0,0
,0,0
,0,0
,0,0
,0,0
,0,0
,0,0
,0,0
,0,0
,0,0
,0,0
,0,0
,0,0
,0,0
,0,0
,0,0
,0,0
,0,0
7531,0,0
,0,0
,0,0
7534,0,0
,0,0
,0,0
,0,0
,0,0
,0,0
,0,0
,0,0
,0,0
,0,0
,0,0
,0,0
,0,0
,0,0
,0,0
,0,0
,0,0
,0,0
,0,0
,0,0
,0,0
7555,0,0
7556,0,0
7557,0,0
,0,0
7559,0,0
,0,0
,0,0
7562,0,0
,0,0
,0,0
,0,0
,0,0
,0,0
,0,0
,0,0
,0,0
,0,0
,0,0
,0,0
,0,0
,0,0
,0,0
7577,0,0
,0,0
,0,0
,0,0
,0,0
,0,0
,0,0
7584,0,0
,0,0
,0,0
,0,0
,0,0
,0,0
,0,0
,0,0
,0,0
,0,0
7594,0,0
,0,0
,0,0
,0,0
,0,0
,0,0
,0,0
,0,0
,0,0
,0,0
,0,0
,0,0
,0,0
,0,0
,0,0
,0,0
,0,0
,0,0
,0,0
,0,0
7614,0,0
,0,0
,0,0
,0,0
,0,0
,0,0
,0,0
,0,0
7622,0,0
,0,0
,0,0
,0,0
,0,0
,0,0
,0,0
,0,0
,0,0
7631,0,0
,0,0
,0,0
,0,0
,0,0
,0,0
,0,0
,0,0
7639,0,0
,0,0
7641,0,0
,0,0
7643,0,0
,0,0
,0,0
,0,0
,0,0
,0,0
,0,0
,0,0
,0,0
,0,0
,0,0
,0,0
7655,0,0
7656,0,0
7657,0,0
,0,0
,0,0
7660,0,0
,0,0
,0,0
,0,0
,0,0
,0,0
,0,0
7667,0,0
,0,0
,0,0
7670,0,0
,0,0
,0,0
,0,0
,0,0
,0,0
,0,0
,0,0
,0,0
,0,0
,0,0
,0,0
,0,0
,0,0
,0,0
,0,0
,0,0
,0,0
,0,0
,0,0
,0,0
,0,0
7692,0,0
,0,0
,0,0
,0,0
,0,0
,0,0
7698,0,0
7699,0,0
,0,0
,0,0
,0,0
,0,0
,0,0
,0,0
,0,0
,0,0
,0,0
,0,0
,0,0
7711,0,0
,0,0
,0,0
,0,0
,0,0
,0,0
,0,0
,0,0
7719,0,0
,0,0
7721,0,0
,0,0
,0,0
,0,0
,0,0
,0,0
,0,0
,0,0
,0,0
,0,0
,0,0
,0,0
,0,0
,0,0
,0,0
,0,0
,0,0
,0,0
7739,0,0
,0,0
,0,0
,0,0
,0,0
,0,0
,0,0
,0,0
,0,0
,0,0
,0,0
,0,0
,0,0
,0,0
7753,0,0
,0,0
,0,0
,0,0
,0,0
,0,0
,0,0
,0,0
7761,0,0
,0,0
,0,0
,0,0
,0,0
,0,0
,0,0
,0,0
7769,0,0
,0,0
,0,0
,0,0
,0,0
,0,0
,0,0
,0,0
,0,0
,0,0
,0,0
7780,0,0
,0,0
,0,0
,0,0
,0,0
,0,0
,0,0
,0,0
,0,0
,0,0
,0,0
,0,0
,0,0
,0,0
,0,0
,0,0
,0,0
,0,0
,0,0
,0,0
,0,0
,0,0
,0,0
,0,0
,0,0
,0,0
,0,0
7807,0,0
,0,0
,0,0
,0,0
7811,0,0
,0,0
,0,0
,0,0
,0,0
,0,0
,0,0
,0,0
,0,0
,0,0
,0,0
7822,0,0
,0,0
,0,0
,0,0
,0,0
,0,0
,0,0
7829,0,0
,0,0
,0,0
,0,0
,0,0
7834,0,0
,0,0
,0,0
,0,0
7838,0,0
,0,0
,0,0
,0,0
,0,0
,0,0
,0,0
7845,0,0
,0,0
,0,0
,0,0
7849,0,0
,0,0
,0,0
,0,0
,0,0
,0,0
,0,0
,0,0
,0,0
7858,0,0
,0,0
7860,0,0
,0,0
,0,0
,0,0
,0,0
,0,0
,0,0
,0,0
,0,0
,0,0
,0,0
,0,0
,0,0
,0,0
,0,0
,0,0
,0,0
,0,0
,0,0
,0,0
,0,0
,0,0
,0,0
,0,0
,0,0
,0,0
,0,0
,0,0
,0,0
,0,0
,0,0
,0,0
,0,0
,0,0
,0,0
,0,0
,0,0
,0,0
,0,0
,0,0
,0,0
,0,0
,0,0
,0,0
,0,0
,0,0
,0,0
,0,0
,0,0
,0,0
,0,0
,0,0
,0,0
,0,0
,0,0
,0,0
7916,0,0
,0,0
,0,0
,0,0
,0,0
,0,0
,0,0
,0,0
,0,0
,0,0
,0,0
,0,0
,0,0
,0,0
,0,0
,0,0
,0,0
,0,0
,0,0
,0,0
,0,0
,0,0
,0,0
,0,0
7940,0,0
7941,0,0
7942,0,0
,0,0
7944,0,0
7945,0,0
7946,0,0
,0,0
,0,0
,0,0
,0,0
,0,0
,0,0
,0,0
,0,0
,0,0
,0,0
7957,0,0
,0,0
,0,0
,0,0
,0,0
,0,0
,0,0
7964,0,0
,0,0
,0,0
7967,0,0
7968,0,0
,0,0
,0,0
7971,0,0
,0,0
,0,0
,0,0
,0,0
,0,0
,0,0
,0,0
,0,0
,0,0
,0,0
,0,0
,0,0
,0,0
,0,0
,0,0
,0,0
,0,0
,0,0
,0,0
,0,0
,0,0
,0,0
,0,0
,0,0
,0,0
,0,0
,0,0
,0,0
,0,0
,0,0
,0,0
,0,0
,0,0
,0,0
,0,0
,0,0
,0,0
,0,0
,0,0
,0,0
,0,0
,0,0
8014,0,0
,0,0
,0,0
,0,0
,0,0
,0,0
,0,0
,0,0
,0,0
,0,0
,0,0
,0,0
,0,0
,0,0
8028,0,0
,0,0
,0,0
,0,0
,0,0
,0,0
,0,0
,0,0
,0,0
,0,0
8038,0,0
,0,0
,0,0
,0,0
,0,0
,0,0
,0,0
,0,0
,0,0
,0,0
,0,0
,0,0
,0,0
,0,0
,0,0
,0,0
,0,0
,0,0
8056,0,0
,0,0
,0,0
,0,0
,0,0
8061,0,0
,0,0
,0,0
,0,0
,0,0
,0,0
,0,0
,0,0
,0,0
,0,0
8071,0,0
,0,0
,0,0
,0,0
,0,0
,0,0
,0,0
,0,0
,0,0
,0,0
,0,0
,0,0
,0,0
,0,0
,0,0
,0,0
,0,0
,0,0
,0,0
,0,0
,0,0
,0,0
8093,0,0
,0,0
,0,0
,0,0
,0,0
,0,0
,0,0
8100,0,0
,0,0
,0,0
,0,0
,0,0
8105,0,0
,0,0
,0,0
,0,0
,0,0
,0,0
,0,0
,0,0
8113,0,0
,0,0
,0,0
,0,0
,0,0
8118,0,0
,0,0
8120,0,0
,0,0
,0,0
,0,0
,0,0
,0,0
,0,0
,0,0
,0,0
,0,0
,0,0
,0,0
,0,0
,0,0
8134,0,0
,0,0
,0,0
,0,0
,0,0
8139,0,0
,0,0
8141,0,0
,0,0
,0,0
,0,0
,0,0
,0,0
,0,0
,0,0
,0,0
,0,0
,0,0
8152,0,0
,0,0
,0,0
,0,0
8156,0,0
,0,0
,0,0
,0,0
,0,0
,0,0
,0,0
,0,0
,0,0
,0,0
,0,0
,0,0
,0,0
,0,0
,0,0
,0,0
,0,0
8173,0,0
,0,0
,0,0
8176,0,0
,0,0
,0,0
,0,0
,0,0
,0,0
,0,0
,0,0
,0,0
,0,0
,0,0
,0,0
,0,0
,0,0
,0,0
,0,0
,0,0
,0,0
8194,0,0
,0,0
,0,0
,0,0
,0,0
,0,0
,0,0
8201,0,0
,0,0
,0,0
,0,0
8205,0,0
,0,0
,0,0
,0,0
,0,0
,0,0
,0,0
,0,0
,0,0
,0,0
,0,0
,0,0
,0,0
,0,0
,0,0
,0,0
,0,0
,0,0
,0,0
,0,0
,0,0
,0,0
,0,0
,0,0
,0,0
,0,0
,0,0
,0,0
,0,0
,0,0
,0,0
,0,0
,0,0
,0,0
,0,0
,0,0
,0,0
,0,0
,0,0
,0,0
,0,0
,0,0
8247,0,0
8248,0,0
,0,0
,0,0
,0,0
,0,0
,0,0
,0,0
,0,0
,0,0
,0,0
,0,0
,0,0
,0,0
,0,0
,0,0
,0,0
,0,0
,0,0
,0,0
,0,0
,0,0
,0,0
,0,0
,0,0
,0,0
,0,0
,0,0
,0,0
,0,0
,0,0
,0,0
,0,0
,0,0
,0,0
,0,0
,0,0
,0,0
,0,0
,0,0
8287,0,0
,0,0
,0,0
,0,0
,0,0
8292,0,0
,0,0
,0,0
,0,0
,0,0
,0,0
,0,0
,0,0
,0,0
,0,0
,0,0
,0,0
,0,0
,0,0
,0,0
,0,0
,0,0
,0,0
,0,0
,0,0
,0,0
,0,0
,0,0
,0,0
,0,0
,0,0
,0,0
,0,0
,0,0
,0,0
,0,0
,0,0
,0,0
,0,0
,0,0
8327,0,0
,0,0
8329,0,0
,0,0
8331,0,0
,0,0
,0,0
,0,0
,0,0
,0,0
,0,0
,0,0
,0,0
,0,0
,0,0
,0,0
,0,0
,0,0
,0,0
,0,0
,0,0
,0,0
,0,0
,0,0
,0,0
,0,0
,0,0
,0,0
,0,0
,0,0
,0,0
,0,0
,0,0
,0,0
,0,0
,0,0
,0,0
,0,0
,0,0
,0,0
,0,0
,0,0
,0,0
,0,0
,0,0
,0,0
,0,0
,0,0
,0,0
,0,0
,0,0
,0,0
,0,0
,0,0
,0,0
,0,0
8383,0,0
,0,0
,0,0
8386,0,0
8387,0,0
,0,0
,0,0
,0,0
,0,0
,0,0
8393,0,0
,0,0
,0,0
,0,0
,0,0
,0,0
,0,0
8400,0,0
,0,0
,0,0
,0,0
,0,0
,0,0
,0,0
,0,0
,0,0
,0,0
,0,0
,0,0
,0,0
,0,0
,0,0
,0,0
,0,0
,0,0
,0,0
,0,0
,0,0
,0,0
,0,0
,0,0
,0,0
,0,0
,0,0
,0,0
,0,0
,0,0
8430,0,0
,0,0
,0,0
,0,0
,0,0
,0,0
,0,0
8437,0,0
8438,0,0
,0,0
,0,0
,0,0
,0,0
,0,0
,0,0
,0,0
,0,0
,0,0
,0,0
,0,0
,0,0
,0,0
,0,0
,0,0
,0,0
,0,0
,0,0
,0,0
,0,0
,0,0
,0,0
,0,0
,0,0
,0,0
8464,0,0
,0,0
,0,0
,0,0
,0,0
,0,0
,0,0
,0,0
8472,0,0
,0,0
,0,0
,0,0
,0,0
8477,0,0
,0,0
,0,0
,0,0
,0,0
,0,0
,0,0
8484,0,0
,0,0
,0,0
,0,0
,0,0
,0,0
,0,0
,0,0
8492,0,0
,0,0
,0,0
,0,0
,0,0
,0,0
,0,0
,0,0
,0,0
,0,0
,0,0
8503,0,0
,0,0
,0,0
,0,0
,0,0
,0,0
8509,0,0
,0,0
,0,0
,0,0
,0,0
,0,0
,0,0
,0,0
,0,0
,0,0
,0,0
,0,0
,0,0
,0,0
,0,0
8524,0,0
,0,0
,0,0
,0,0
,0,0
,0,0
,0,0
,0,0
,0,0
,0,0
,0,0
,0,0
,0,0
,0,0
,0,0
,0,0
,0,0
,0,0
,0,0
,0,0
,0,0
,0,0
,0,0
,0,0
,0,0
,0,0
,0,0
,0,0
,0,0
,0,0
,0,0
8555,0,0
,0,0
,0,0
,0,0
,0,0
,0,0
,0,0
,0,0
,0,0
8564,0,0
8565,0,0
,0,0
,0,0
,0,0
,0,0
,0,0
,0,0
,0,0
,0,0
,0,0
,0,0
8576,0,0
,0,0
,0,0
,0,0
,0,0
,0,0
,0,0
8583,0,0
,0,0
,0,0
,0,0
,0,0
,0,0
,0,0
,0,0
,0,0
,0,0
,0,0
,0,0
,0,0
,0,0
,0,0
,0,0
,0,0
,0,0
,0,0
,0,0
,0,0
,0,0
,0,0
,0,0
,0,0
,0,0
,0,0
,0,0
,0,0
,0,0
,0,0
,0,0
,0,0
,0,0
,0,0
8618,0,0
,0,0
,0,0
,0,0
,0,0
,0,0
,0,0
,0,0
,0,0
,0,0
,0,0
,0,0
,0,0
,0,0
,0,0
,0,0
,0,0
8635,0,0
,0,0
,0,0
,0,0
,0,0
,0,0
,0,0
,0,0
,0,0
,0,0
,0,0
,0,0
,0,0
,0,0
,0,0
,0,0
,0,0
,0,0
,0,0
,0,0
8655,0,0
,0,0
,0,0
,0,0
,0,0
,0,0
,0,0
,0,0
,0,0
,0,0
,0,0
8666,0,0
,0,0
,0,0
,0,0
,0,0
,0,0
,0,0
,0,0
,0,0
,0,0
,0,0
,0,0
,0,0
,0,0
,0,0
8681,0,0
,0,0
,0,0
,0,0
,0,0
,0,0
,0,0
,0,0
,0,0
,0,0
,0,0
,0,0
,0,0
,0,0
,0,0
,0,0
,0,0
,0,0
,0,0
,0,0
,0,0
,0,0
,0,0
,0,0
8705,0,0
8706,0,0
,0,0
,0,0
,0,0
,0,0
,0,0
,0,0
8713,0,0
,0,0
,0,0
,0,0
,0,0
,0,0
,0,0
,0,0
8721,0,0
,0,0
,0,0
,0,0
,0,0
,0,0
,0,0
,0,0
,0,0
,0,0
,0,0
,0,0
,0,0
8734,0,0
,0,0
,0,0
,0,0
,0,0
,0,0
,0,0
,0,0
,0,0
,0,0
,0,0
,0,0
,0,0
8747,0,0
,0,0
,0,0
,0,0
,0,0
,0,0
,0,0
,0,0
,0,0
,0,0
,0,0
,0,0
,0,0
,0,0
,0,0
,0,0
,0,0
,0,0
,0,0
,0,0
8767,0,0
,0,0
,0,0
,0,0
,0,0
,0,0
,0,0
,0,0
,0,0
8776,0,0
,0,0
,0,0
,0,0
,0,0
,0,0
,0,0
8783,0,0
,0,0
,0,0
,0,0
,0,0
,0,0
,0,0
,0,0
,0,0
8792,0,0
,0,0
,0,0
8795,0,0
,0,0
,0,0
,0,0
,0,0
,0,0
,0,0
,0,0
,0,0
,0,0
,0,0
,0,0
,0,0
,0,0
,0,0
,0,0
,0,0
,0,0
8813,0,0
,0,0
,0,0
,0,0
,0,0
,0,0
,0,0
,0,0
,0,0
,0,0
,0,0
,0,0
,0,0
,0,0
,0,0
,0,0
,0,0
,0,0
,0,0
,0,0
,0,0
,0,0
,0,0
,0,0
,0,0
,0,0
,0,0
,0,0
,0,0
,0,0
,0,0
,0,0
8845,0,0
,0,0
,0,0
,0,0
,0,0
,0,0
,0,0
,0,0
,0,0
8854,0,0
8855,0,0
,0,0
,0,0
,0,0
,0,0
,0,0
8861,0,0
,0,0
,0,0
,0,0
,0,0
,0,0
8867,0,0
,0,0
,0,0
,0,0
,0,0
,0,0
,0,0
,0,0
,0,0
,0,0
,0,0
8878,0,0
,0,0
,0,0
,0,0
,0,0
,0,0
,0,0
,0,0
,0,0
,0,0
,0,0
,0,0
,0,0
,0,0
,0,0
,0,0
,0,0
,0,0
,0,0
8897,0,0
,0,0
,0,0
,0,0
8901,0,0
,0,0
,0,0
,0,0
,0,0
8906,0,0
,0,0
,0,0
,0,0
8910,0,0
,0,0
,0,0
,0,0
,0,0
,0,0
,0,0
,0,0
,0,0
,0,0
,0,0
,0,0
,0,0
,0,0
,0,0
,0,0
,0,0
,0,0
,0,0
,0,0
,0,0
,0,0
,0,0
,0,0
,0,0
,0,0
,0,0
,0,0
,0,0
,0,0
,0,0
,0,0
8942,0,0
,0,0
8944,0,0
,0,0
,0,0
,0,0
,0,0
,0,0
,0,0
,0,0
,0,0
,0,0
,0,0
,0,0
,0,0
,0,0
,0,0
,0,0
,0,0
8961,0,0
,0,0
,0,0
,0,0
8965,0,0
,0,0
,0,0
,0,0
,0,0
,0,0
8971,0,0
8972,0,0
,0,0
,0,0
,0,0
,0,0
,0,0
,0,0
,0,0
8980,0,0
,0,0
,0,0
,0,0
,0,0
,0,0
,0,0
,0,0
,0,0
,0,0
,0,0
,0,0
,0,0
,0,0
,0,0
,0,0
,0,0
,0,0
8998,0,0
,0,0
,0,0
,0,0
,0,0
,0,0
,0,0
,0,0
,0,0
,0,0
,0,0
,0,0
,0,0
,0,0
9012,0,0
,0,0
,0,0
,0,0
,0,0
9017,0,0
,0,0
,0,0
,0,0
,0,0
9022,0,0
,0,0
,0,0
,0,0
,0,0
,0,0
,0,0
,0,0
,0,0
,0,0
,0,0
,0,0
,0,0
9035,0,0
,0,0
,0,0
,0,0
,0,0
,0,0
,0,0
,0,0
9043,0,0
,0,0
,0,0
,0,0
9047,0,0
,0,0
,0,0
,0,0
,0,0
,0,0
,0,0
,0,0
,0,0
,0,0
9057,0,0
,0,0
,0,0
,0,0
,0,0
,0,0
,0,0
,0,0
,0,0
,0,0
,0,0
,0,0
,0,0
,0,0
9071,0,0
,0,0
,0,0
,0,0
,0,0
,0,0
,0,0
,0,0
9079,0,0
,0,0
,0,0
,0,0
,0,0
,0,0
,0,0
9086,0,0
,0,0
,0,0
9089,0,0
,0,0
,0,0
,0,0
,0,0
,0,0
,0,0
,0,0
9097,0,0
9098,0,0
,0,0
,0,0
,0,0
,0,0
,0,0
,0,0
,0,0
,0,0
,0,0
,0,0
,0,0
,0,0
,0,0
,0,0
,0,0
,0,0
,0,0
9116,0,0
,0,0
,0,0
,0,0
,0,0
,0,0
,0,0
,0,0
,0,0
,0,0
,0,0
,0,0
,0,0
,0,0
,0,0
,0,0
,0,0
,0,0
,0,0
,0,0
,0,0
,0,0
,0,0
,0,0
,0,0
,0,0
,0,0
,0,0
,0,0
,0,0
,0,0
,0,0
,0,0
,0,0
,0,0
,0,0
,0,0
,0,0
,0,0
,0,0
,0,0
,0,0
,0,0
,0,0
,0,0
,0,0
,0,0
,0,0
,0,0
,0,0
,0,0
,0,0
,0,0
9169,0,0
,0,0
,0,0
,0,0
,0,0
,0,0
,0,0
,0,0
,0,0
,0,0
,0,0
,0,0
,0,0
,0,0
,0,0
,0,0
,0,0
,0,0
,0,0
,0,0
,0,0
,0,0
,0,0
,0,0
,0,0
,0,0
,0,0
,0,0
,0,0
,0,0
,0,0
,0,0
,0,0
,0,0
,0,0
,0,0
,0,0
9206,0,0
,0,0
,0,0
,0,0
,0,0
,0,0
,0,0
,0,0
,0,0
,0,0
,0,0
,0,0
9218,0,0
,0,0
,0,0
,0,0
,0,0
,0,0
,0,0
,0,0
,0,0
,0,0
,0,0
,0,0
,0,0
,0,0
,0,0
,0,0
,0,0
,0,0
,0,0
,0,0
,0,0
,0,0
,0,0
,0,0
,0,0
,0,0
,0,0
,0,0
,0,0
,0,0
,0,0
,0,0
,0,0
,0,0
,0,0
9253,0,0
,0,0
,0,0
,0,0
,0,0
,0,0
,0,0
,0,0
,0,0
,0,0
,0,0
,0,0
,0,0
,0,0
,0,0
9268,0,0
,0,0
,0,0
,0,0
,0,0
,0,0
,0,0
,0,0
,0,0
,0,0
,0,0
9279,0,0
,0,0
9281,0,0
,0,0
,0,0
,0,0
9285,0,0
,0,0
,0,0
,0,0
,0,0
,0,0
,0,0
,0,0
,0,0
,0,0
,0,0
,0,0
,0,0
,0,0
,0,0
,0,0
,0,0
,0,0
,0,0
,0,0
,0,0
,0,0
,0,0
,0,0
,0,0
,0,0
,0,0
,0,0
,0,0
,0,0
,0,0
,0,0
,0,0
,0,0
,0,0
,0,0
9321,0,0
,0,0
,0,0
,0,0
,0,0
,0,0
,0,0
,0,0
,0,0
,0,0
,0,0
,0,0
,0,0
,0,0
,0,0
,0,0
,0,0
9338,0,0
,0,0
,0,0
,0,0
,0,0
,0,0
,0,0
,0,0
,0,0
,0,0
,0,0
9349,0,0
,0,0
,0,0
,0,0
,0,0
,0,0
,0,0
,0,0
,0,0
,0,0
,0,0
,0,0
9361,0,0
,0,0
,0,0
,0,0
,0,0
,0,0
,0,0
,0,0
,0,0
,0,0
,0,0
,0,0
,0,0
,0,0
,0,0
,0,0
,0,0
,0,0
,0,0
,0,0
,0,0
,0,0
,0,0
,0,0
,0,0
,0,0
,0,0
,0,0
,0,0
,0,0
,0,0
,0,0
,0,0
,0,0
,0,0
,0,0
,0,0
,0,0
,0,0
,0,0
,0,0
,0,0
,0,0
,0,0
,0,0
,0,0
,0,0
,0,0
,0,0
,0,0
,0,0
9412,0,0
,0,0
,0,0
,0,0
,0,0
,0,0
,0,0
,0,0
,0,0
9421,0,0
9422,0,0
,0,0
,0,0
,0,0
,0,0
,0,0
,0,0
,0,0
,0,0
,0,0
,0,0
,0,0
,0,0
,0,0
,0,0
,0,0
9438,0,0
,0,0
,0,0
,0,0
9442,0,0
,0,0
,0,0
,0,0
,0,0
,0,0
,0,0
,0,0
,0,0
,0,0
,0,0
,0,0
,0,0
,0,0
,0,0
,0,0
,0,0
,0,0
,0,0
,0,0
,0,0
,0,0
,0,0
,0,0
,0,0
,0,0
,0,0
,0,0
,0,0
,0,0
,0,0
,0,0
,0,0
,0,0
,0,0
,0,0
,0,0
,0,0
,0,0
,0,0
,0,0
,0,0
9484,0,0
,0,0
,0,0
,0,0
,0,0
,0,0
,0,0
,0,0
,0,0
,0,0
,0,0
,0,0
9496,0,0
,0,0
,0,0
,0,0
,0,0
,0,0
,0,0
,0,0
9504,0,0
,0,0
,0,0
,0,0
,0,0
,0,0
9510,0,0
,0,0
,0,0
9513,0,0
,0,0
,0,0
,0,0
,0,0
,0,0
,0,0
9520,0,0
,0,0
,0,0
,0,0
,0,0
,0,0
,0,0
,0,0
,0,0
,0,0
,0,0
,0,0
9532,0,0
,0,0
,0,0
,0,0
,0,0
,0,0
,0,0
,0,0
,0,0
,0,0
,0,0
,0,0
,0,0
,0,0
9546,0,0
,0,0
,0,0
,0,0
,0,0
,0,0
,0,0
,0,0
,0,0
,0,0
,0,0
9557,0,0
9558,0,0
,0,0
,0,0
,0,0
,0,0
,0,0
,0,0
,0,0
,0,0
,0,0
9568,0,0
,0,0
,0,0
,0,0
,0,0
9573,0,0
,0,0
,0,0
,0,0
,0,0
,0,0
,0,0
,0,0
,0,0
,0,0
,0,0
,0,0
,0,0
,0,0
,0,0
,0,0
,0,0
9590,0,0
,0,0
,0,0
,0,0
,0,0
,0,0
9596,0,0
,0,0
,0,0
,0,0
,0,0
,0,0
,0,0
,0,0
,0,0
,0,0
,0,0
,0,0
,0,0
,0,0
,0,0
,0,0
,0,0
9613,0,0
,0,0
,0,0
,0,0
,0,0
9618,0,0
,0,0
,0,0
,0,0
9622,0,0
,0,0
,0,0
9625,0,0
,0,0
,0,0
,0,0
,0,0
,0,0
,0,0
,0,0
,0,0
,0,0
,0,0
,0,0
,0,0
,0,0
,0,0
,0,0
,0,0
,0,0
,0,0
,0,0
,0,0
,0,0
,0,0
,0,0
9649,0,0
,0,0
,0,0
,0,0
,0,0
,0,0
,0,0
,0,0
,0,0
,0,0
,0,0
,0,0
,0,0
,0,0
,0,0
,0,0
,0,0
9666,0,0
,0,0
,0,0
,0,0
,0,0
,0,0
,0,0
,0,0
,0,0
,0,0
9676,0,0
,0,0
,0,0
,0,0
,0,0
,0,0
,0,0
,0,0
,0,0
,0,0
,0,0
,0,0
9688,0,0
,0,0
,0,0
,0,0
,0,0
,0,0
,0,0
,0,0
,0,0
9697,0,0
,0,0
,0,0
,0,0
,0,0
,0,0
,0,0
9704,0,0
,0,0
9706,0,0
,0,0
,0,0
,0,0
,0,0
9711,0,0
,0,0
,0,0
,0,0
,0,0
,0,0
,0,0
,0,0
,0,0
,0,0
,0,0
9722,0,0
,0,0
,0,0
,0,0
,0,0
,0,0
,0,0
,0,0
9730,0,0
,0,0
,0,0
,0,0
,0,0
,0,0
,0,0
,0,0
,0,0
,0,0
9740,0,0
,0,0
,0,0
,0,0
,0,0
,0,0
9746,0,0
,0,0
,0,0
,0,0
,0,0
,0,0
,0,0
,0,0
,0,0
,0,0
,0,0
,0,0
,0,0
,0,0
,0,0
,0,0
,0,0
,0,0
,0,0
,0,0
9766,0,0
,0,0
,0,0
,0,0
,0,0
,0,0
,0,0
,0,0
,0,0
,0,0
,0,0
,0,0
,0,0
,0,0
,0,0
9781,0,0
,0,0
,0,0
,0,0
,0,0
9786,0,0
,0,0
,0,0
,0,0
,0,0
,0,0
9792,0,0
,0,0
,0,0
,0,0
,0,0
,0,0
,0,0
,0,0
,0,0
,0,0
,0,0
,0,0
,0,0
,0,0
,0,0
,0,0
,0,0
9809,0,0
,0,0
,0,0
,0,0
,0,0
,0,0
,0,0
,0,0
,0,0
,0,0
,0,0
,0,0
,0,0
,0,0
,0,0
,0,0
,0,0
,0,0
,0,0
,0,0
,0,0
,0,0
,0,0
9832,0,0
,0,0
,0,0
,0,0
,0,0
,0,0
,0,0
,0,0
,0,0
,0,0
,0,0
,0,0
,0,0
,0,0
9846,0,0
,0,0
,0,0
,0,0
,0,0
,0,0
,0,0
,0,0
,0,0
,0,0
,0,0
,0,0
,0,0
,0,0
,0,0
9861,0,0
,0,0
,0,0
,0,0
,0,0
,0,0
,0,0
,0,0
,0,0
,0,0
,0,0
,0,0
,0,0
,0,0
,0,0
,0,0
,0,0
9878,0,0
,0,0
9880,0,0
9881,0,0
,0,0
,0,0
,0,0
,0,0
,0,0
,0,0
,0,0
9889,0,0
,0,0
,0,0
,0,0
,0,0
,0,0
,0,0
,0,0
,0,0
,0,0
,0,0
,0,0
9901,0,0
,0,0
,0,0
,0,0
9905,0,0
,0,0
,0,0
,0,0
,0,0
,0,0
9911,0,0
,0,0
,0,0
,0,0
,0,0
,0,0
9917,0,0
,0,0
,0,0
,0,0
,0,0
,0,0
,0,0
,0,0
,0,0
,0,0
,0,0
,0,0
,0,0
,0,0
,0,0
,0,0
,0,0
,0,0
9935,0,0
,0,0
,0,0
,0,0
,0,0
,0,0
,0,0
9942,0,0
,0,0
9944,0,0
,0,0
,0,0
,0,0
,0,0
,0,0
,0,0
,0,0
,0,0
,0,0
,0,0
,0,0
,0,0
,0,0
,0,0
,0,0
,0,0
,0,0
,0,0
,0,0
,0,0
,0,0
,0,0
,0,0
,0,0
9969,0,0
,0,0
,0,0
,0,0
,0,0
,0,0
,0,0
,0,0
,0,0
,0,0
,0,0
,0,0
,0,0
9982,0,0
,0,0
9984,0,0
9985,0,0
,0,0
,0,0
,0,0
,0,0
,0,0
,0,0
,0,0
9993,0,0
,0,0
,0,0
,0,0
,0,0
,0,0
,0,0
,0,0
,0,0
,0,0
,0,0
,0,0
,0,0
,0,0
,0,0
,0,0
,0,0
,0,0
,0,0
,0,0
,0,0
,0,0
,0,0
,0,0
,0,0
,0,0
,0,0
,0,0
,0,0
10022,0,0
,0,0
,0,0
,0,0
,0,0
,0,0
,0,0
,0,0
,0,0
,0,0
,0,0
,0,0
,0,0
10035,0,0
,0,0
,0,0
,0,0
,0,0
,0,0
,0,0
,0,0
,0,0
,0,0
,0,0
,0,0
,0,0
,0,0
,0,0
,0,0
,0,0
,0,0
,0,0
,0,0
,0,0
,0,0
,0,0
,0,0
,0,0
,0,0
,0,0
,0,0
,0,0
,0,0
,0,0
,0,0
,0,0
,0,0
,0,0
,0,0
,0,0
,0,0
,0,0
,0,0
,0,0
,0,0
,0,0
,0,0
,0,0
,0,0
,0,0
,0,0
10083,0,0
,0,0
,0,0
,0,0
,0,0
,0,0
,0,0
,0,0
,0,0
,0,0
10093,0,0
,0,0
,0,0
,0,0
,0,0
,0,0
,0,0
,0,0
,0,0
,0,0
,0,0
,0,0
,0,0
,0,0
,0,0
,0,0
,0,0
,0,0
,0,0
,0,0
,0,0
,0,0
10115,0,0
,0,0
,0,0
,0,0
,0,0
,0,0
,0,0
,0,0
,0,0
,0,0
,0,0
10126,0,0
,0,0
,0,0
,0,0
10130,0,0
,0,0
,0,0
,0,0
,0,0
,0,0
,0,0
,0,0
,0,0
,0,0
,0,0
,0,0
,0,0
,0,0
,0,0
,0,0
,0,0
,0,0
,0,0
,0,0
,0,0
,0,0
,0,0
,0,0
,0,0
10155,0,0
10156,0,0
,0,0
,0,0
10159,0,0
,0,0
,0,0
,0,0
,0,0
,0,0
,0,0
,0,0
,0,0
,0,0
,0,0
,0,0
,0,0
10172,0,0
,0,0
,0,0
,0,0
,0,0
,0,0
,0,0
,0,0
10180,0,0
10181,0,0
,0,0
,0,0
,0,0
,0,0
,0,0
,0,0
,0,0
,0,0
,0,0
,0,0
,0,0
,0,0
,0,0
,0,0
,0,0
,0,0
,0,0
,0,0
,0,0
,0,0
,0,0
,0,0
,0,0
,0,0
,0,0
,0,0
,0,0
,0,0
,0,0
,0,0
10212,0,0
,0,0
,0,0
10215,0,0
,0,0
,0,0
10218,0,0
,0,0
,0,0
,0,0
,0,0
,0,0
,0,0
,0,0
,0,0
,0,0
,0,0
,0,0
,0,0
,0,0
,0,0
,0,0
,0,0
10235,0,0
,0,0
,0,0
10238,0,0
,0,0
,0,0
,0,0
,0,0
,0,0
,0,0
,0,0
,0,0
,0,0
,0,0
,0,0
,0,0
,0,0
10252,0,0
,0,0
,0,0
,0,0
,0,0
,0,0
,0,0
,0,0
,0,0
10261,0,0
,0,0
,0,0
,0,0
,0,0
,0,0
,0,0
,0,0
,0,0
,0,0
,0,0
,0,0
,0,0
10274,0,0
,0,0
,0,0
,0,0
,0,0
,0,0
,0,0
,0,0
,0,0
,0,0
,0,0
,0,0
,0,0
,0,0
,0,0
,0,0
,0,0
,0,0
,0,0
,0,0
,0,0
,0,0
,0,0
,0,0
,0,0
,0,0
,0,0
,0,0
,0,0
,0,0
,0,0
,0,0
,0,0
,0,0
,0,0
,0,0
,0,0
,0,0
,0,0
,0,0
10314,0,0
,0,0
,0,0
,0,0
,0,0
,0,0
,0,0
,0,0
,0,0
,0,0
10324,0,0
,0,0
,0,0
,0,0
,0,0
,0,0
,0,0
10331,0,0
,0,0
,0,0
,0,0
,0,0
,0,0
,0,0
,0,0
,0,0
,0,0
,0,0
,0,0
,0,0
10344,0,0
,0,0
10346,0,0
,0,0
10348,0,0
,0,0
,0,0
10351,0,0
,0,0
,0,0
10354,0,0
10355,0,0
,0,0
10357,0,0
,0,0
,0,0
10360,0,0
10361,0,0
,0,0
,0,0
,0,0
,0,0
10366,0,0
,0,0
10368,0,0
,0,0
,0,0
,0,0
,0,0
,0,0
,0,0
,0,0
,0,0
,0,0
,0,0
,0,0
10380,0,0
10381,0,0
,0,0
,0,0
,0,0
,0,0
10386,0,0
10387,0,0
,0,0
,0,0
,0,0
,0,0
10392,0,0
,0,0
,0,0
,0,0
,0,0
,0,0
,0,0
,0,0
,0,0
,0,0
,0,0
,0,0
,0,0
,0,0
,0,0
10407,0,0
,0,0
,0,0
,0,0
,0,0
,0,0
,0,0
,0,0
,0,0
,0,0
10417,0,0
,0,0
,0,0
,0,0
,0,0
,0,0
,0,0
,0,0
,0,0
,0,0
,0,0
,0,0
,0,0
,0,0
,0,0
,0,0
,0,0
,0,0
,0,0
,0,0
,0,0
,0,0
,0,0
,0,0
,0,0
,0,0
,0,0
,0,0
,0,0
,0,0
,0,0
,0,0
,0,0
10450,0,0
,0,0
,0,0
,0,0
,0,0
,0,0
,0,0
,0,0
,0,0
,0,0
,0,0
,0,0
,0,0
,0,0
10464,0,0
,0,0
,0,0
,0,0
,0,0
,0,0
,0,0
,0,0
,0,0
10473,0,0
,0,0
,0,0
,0,0
,0,0
,0,0
,0,0
,0,0
,0,0
,0,0
,0,0
,0,0
,0,0
,0,0
,0,0
,0,0
,0,0
,0,0
,0,0
,0,0
,0,0
,0,0
,0,0
,0,0
,0,0
,0,0
,0,0
,0,0
,0,0
,0,0
,0,0
,0,0
,0,0
10506,0,0
,0,0
,0,0
,0,0
,0,0
,0,0
,0,0
,0,0
,0,0
10515,0,0
,0,0
,0,0
10518,0,0
,0,0
,0,0
,0,0
10522,0,0
10523,0,0
,0,0
,0,0
,0,0
,0,0
,0,0
,0,0
,0,0
,0,0
,0,0
,0,0
,0,0
,0,0
10536,0,0
,0,0
,0,0
,0,0
,0,0
,0,0
,0,0
,0,0
,0,0
,0,0
,0,0
,0,0
,0,0
,0,0
,0,0
,0,0
,0,0
,0,0
,0,0
,0,0
,0,0
,0,0
,0,0
,0,0
,0,0
,0,0
,0,0
,0,0
,0,0
,0,0
,0,0
,0,0
,0,0
,0,0
,0,0
,0,0
,0,0
,0,0
,0,0
,0,0
,0,0
10577,0,0
,0,0
,0,0
,0,0
,0,0
,0,0
,0,0
,0,0
10585,0,0
,0,0
,0,0
,0,0
,0,0
,0,0
,0,0
,0,0
,0,0
,0,0
,0,0
,0,0
,0,0
,0,0
,0,0
,0,0
,0,0
,0,0
,0,0
,0,0
,0,0
10606,0,0
,0,0
,0,0
,0,0
,0,0
,0,0
,0,0
,0,0
,0,0
,0,0
,0,0
,0,0
,0,0
,0,0
10620,0,0
,0,0
,0,0
10623,0,0
,0,0
,0,0
,0,0
,0,0
,0,0
,0,0
10630,0,0
,0,0
,0,0
,0,0
,0,0
,0,0
,0,0
,0,0
,0,0
,0,0
,0,0
,0,0
,0,0
,0,0
,0,0
,0,0
,0,0
,0,0
,0,0
,0,0
,0,0
,0,0
,0,0
,0,0
,0,0
,0,0
,0,0
,0,0
,0,0
,0,0
10660,0,0
,0,0
,0,0
,0,0
,0,0
,0,0
,0,0
,0,0
,0,0
,0,0
,0,0
,0,0
,0,0
,0,0
10674,0,0
,0,0
,0,0
,0,0
10678,0,0
,0,0
,0,0
,0,0
,0,0
10683,0,0
,0,0
,0,0
,0,0
,0,0
,0,0
,0,0
,0,0
10691,0,0
,0,0
,0,0
,0,0
,0,0
10696,0,0
,0,0
,0,0
,0,0
,0,0
,0,0
,0,0
,0,0
,0,0
10705,0,0
10706,0,0
,0,0
,0,0
,0,0
10710,0,0
,0,0
,0,0
,0,0
,0,0
,0,0
,0,0
,0,0
,0,0
,0,0
10720,0,0
,0,0
,0,0
,0,0
,0,0
,0,0
,0,0
,0,0
,0,0
,0,0
,0,0
,0,0
,0,0
,0,0
,0,0
,0,0
,0,0
,0,0
,0,0
,0,0
,0,0
10741,0,0
,0,0
,0,0
,0,0
,0,0
,0,0
,0,0
10748,0,0
,0,0
,0,0
,0,0
,0,0
10753,0,0
,0,0
,0,0
,0,0
,0,0
,0,0
,0,0
,0,0
,0,0
10762,0,0
,0,0
10764,0,0
,0,0
,0,0
,0,0
,0,0
,0,0
,0,0
,0,0
,0,0
,0,0
,0,0
,0,0
,0,0
10777,0,0
,0,0
,0,0
10780,0,0
,0,0
,0,0
,0,0
,0,0
,0,0
,0,0
,0,0
,0,0
,0,0
,0,0
,0,0
,0,0
,0,0
,0,0
,0,0
,0,0
,0,0
10798,0,0
10799,0,0
,0,0
,0,0
,0,0
,0,0
,0,0
,0,0
10806,0,0
,0,0
,0,0
,0,0
,0,0
,0,0
10812,0,0
,0,0
,0,0
,0,0
,0,0
,0,0
,0,0
,0,0
,0,0
,0,0
,0,0
,0,0
10824,0,0
,0,0
,0,0
,0,0
,0,0
10829,0,0
,0,0
,0,0
,0,0
,0,0
,0,0
,0,0
,0,0
,0,0
,0,0
,0,0
,0,0
,0,0
,0,0
,0,0
,0,0
,0,0
,0,0
,0,0
,0,0
,0,0
10850,0,0
,0,0
,0,0
,0,0
,0,0
,0,0
,0,0
,0,0
,0,0
,0,0
,0,0
,0,0
,0,0
,0,0
,0,0
,0,0
,0,0
,0,0
,0,0
,0,0
,0,0
,0,0
10872,0,0
,0,0
,0,0
,0,0
,0,0
,0,0
,0,0
,0,0
,0,0
,0,0
,0,0
,0,0
,0,0
,0,0
,0,0
,0,0
,0,0
,0,0
,0,0
,0,0
,0,0
,0,0
,0,0
,0,0
,0,0
10897,0,0
,0,0
,0,0
,0,0
10901,0,0
,0,0
,0,0
,0,0
,0,0
,0,0
,0,0
,0,0
10909,0,0
,0,0
,0,0
,0,0
,0,0
10914,0,0
,0,0
10916,0,0
,0,0
,0,0
,0,0
,0,0
,0,0
,0,0
10923,0,0
,0,0
,0,0
,0,0
,0,0
,0,0
,0,0
,0,0
,0,0
,0,0
,0,0
,0,0
,0,0
,0,0
,0,0
,0,0
10939,0,0
,0,0
,0,0
,0,0
,0,0
,0,0
,0,0
,0,0
,0,0
,0,0
,0,0
,0,0
,0,0
,0,0
,0,0
,0,0
10955,0,0
,0,0
,0,0
10958,0,0
,0,0
,0,0
,0,0
,0,0
,0,0
,0,0
,0,0
,0,0
,0,0
,0,0
,0,0
,0,0
,0,0
,0,0
,0,0
,0,0
,0,0
,0,0
,0,0
,0,0
,0,0
,0,0
,0,0
,0,0
,0,0
,0,0
,0,0
,0,0
,0,0
,0,0
,0,0
,0,0
,0,0
10992,0,0
10993,0,0
,0,0
,0,0
,0,0
,0,0
,0,0
,0,0
11000,0,0
11001,0,0
,0,0
,0,0
,0,0
,0,0
11006,0,0
,0,0
,0,0
,0,0
,0,0
,0,0
11012,0,0
,0,0
,0,0
,0,0
,0,0
,0,0
,0,0
,0,0
,0,0
,0,0
11022,0,0
,0,0
,0,0
,0,0
,0,0
11027,0,0
,0,0
,0,0
,0,0
,0,0
,0,0
,0,0
,0,0
,0,0
,0,0
,0,0
,0,0
,0,0
11040,0,0
,0,0
,0,0
,0,0
,0,0
,0,0
,0,0
,0,0
,0,0
,0,0
,0,0
,0,0
,0,0
,0,0
,0,0
,0,0
11056,0,0
,0,0
,0,0
11059,0,0
,0,0
,0,0
,0,0
,0,0
,0,0
,0,0
,0,0
,0,0
,0,0
,0,0
,0,0
,0,0
,0,0
,0,0
,0,0
,0,0
,0,0
,0,0
,0,0
,0,0
,0,0
,0,0
,0,0
,0,0
,0,0
,0,0
,0,0
,0,0
,0,0
,0,0
,0,0
,0,0
,0,0
11093,0,0
,0,0
,0,0
,0,0
,0,0
,0,0
,0,0
,0,0
,0,0
,0,0
,0,0
,0,0
,0,0
11106,0,0
,0,0
,0,0
,0,0
,0,0
,0,0
,0,0
,0,0
,0,0
,0,0
,0,0
,0,0
,0,0
,0,0
11120,0,0
,0,0
,0,0
11123,0,0
,0,0
,0,0
,0,0
,0,0
,0,0
,0,0
,0,0
,0,0
11132,0,0
,0,0
,0,0
11135,0,0
,0,0
,0,0
,0,0
,0,0
,0,0
,0,0
,0,0
,0,0
,0,0
,0,0
,0,0
,0,0
,0,0
,0,0
,0,0
,0,0
,0,0
,0,0
11154,0,0
,0,0
11156,0,0
,0,0
,0,0
,0,0
,0,0
,0,0
,0,0
,0,0
,0,0
,0,0
,0,0
,0,0
,0,0
,0,0
,0,0
,0,0
,0,0
,0,0
,0,0
,0,0
,0,0
,0,0
,0,0
11179,0,0
,0,0
11181,0,0
,0,0
,0,0
,0,0
,0,0
,0,0
11187,0,0
11188,0,0
,0,0
,0,0
,0,0
,0,0
,0,0
,0,0
,0,0
,0,0
,0,0
,0,0
,0,0
,0,0
11201,0,0
,0,0
,0,0
,0,0
11205,0,0
,0,0
,0,0
,0,0
,0,0
,0,0
,0,0
,0,0
,0,0
,0,0
,0,0
,0,0
11217,0,0
,0,0
,0,0
,0,0
,0,0
,0,0
,0,0
,0,0
,0,0
,0,0
,0,0
,0,0
,0,0
,0,0
11231,0,0
,0,0
,0,0
,0,0
,0,0
,0,0
11237,0,0
,0,0
,0,0
,0,0
,0,0
,0,0
,0,0
11244,0,0
,0,0
,0,0
,0,0
11248,0,0
,0,0
11250,0,0
,0,0
,0,0
,0,0
,0,0
,0,0
,0,0
,0,0
,0,0
11259,0,0
,0,0
,0,0
,0,0
,0,0
,0,0
,0,0
,0,0
,0,0
,0,0
,0,0
,0,0
,0,0
,0,0
11273,0,0
,0,0
,0,0
,0,0
11277,0,0
,0,0
,0,0
11280,0,0
,0,0
,0,0
,0,0
,0,0
,0,0
,0,0
,0,0
,0,0
,0,0
,0,0
11291,0,0
,0,0
,0,0
,0,0
,0,0
,0,0
,0,0
,0,0
,0,0
,0,0
,0,0
,0,0
,0,0
,0,0
,0,0
11306,0,0
,0,0
,0,0
11309,0,0
,0,0
,0,0
,0,0
,0,0
,0,0
11315,0,0
,0,0
,0,0
,0,0
,0,0
,0,0
,0,0
11322,0,0
11323,0,0
11324,0,0
,0,0
11326,0,0
,0,0
,0,0
,0,0
,0,0
,0,0
,0,0
,0,0
,0,0
,0,0
,0,0
,0,0
,0,0
,0,0
,0,0
,0,0
,0,0
11343,0,0
,0,0
,0,0
11346,0,0
,0,0
,0,0
,0,0
11350,0,0
,0,0
,0,0
11353,0,0
,0,0
,0,0
,0,0
,0,0
,0,0
,0,0
,0,0
,0,0
11362,0,0
,0,0
,0,0
,0,0
,0,0
,0,0
,0,0
,0,0
,0,0
,0,0
,0,0
,0,0
,0,0
,0,0
,0,0
,0,0
,0,0
,0,0
,0,0
,0,0
,0,0
,0,0
,0,0
,0,0
,0,0
,0,0
,0,0
,0,0
,0,0
,0,0
,0,0
,0,0
,0,0
,0,0
,0,0
,0,0
,0,0
,0,0
,0,0
,0,0
,0,0
,0,0
11404,0,0
,0,0
,0,0
,0,0
,0,0
,0,0
,0,0
,0,0
,0,0
,0,0
,0,0
,0,0
11416,0,0
11417,0,0
,0,0
,0,0
,0,0
,0,0
,0,0
,0,0
,0,0
,0,0
,0,0
,0,0
,0,0
11429,0,0
,0,0
,0,0
,0,0
,0,0
,0,0
,0,0
,0,0
,0,0
,0,0
,0,0
,0,0
,0,0
,0,0
,0,0
,0,0
,0,0
,0,0
,0,0
,0,0
,0,0
,0,0
,0,0
,0,0
,0,0
,0,0
,0,0
,0,0
,0,0
,0,0
,0,0
,0,0
,0,0
,0,0
,0,0
,0,0
,0,0
,0,0
,0,0
,0,0
,0,0
,0,0
,0,0
,0,0
,0,0
,0,0
11475,0,0
,0,0
11477,0,0
,0,0
11479,0,0
,0,0
,0,0
,0,0
,0,0
,0,0
,0,0
,0,0
,0,0
,0,0
,0,0
,0,0
,0,0
,0,0
,0,0
,0,0
,0,0
,0,0
,0,0
,0,0
,0,0
,0,0
,0,0
,0,0
,0,0
,0,0
,0,0
,0,0
,0,0
,0,0
,0,0
,0,0
,0,0
11512,0,0
,0,0
,0,0
,0,0
,0,0
,0,0
,0,0
,0,0
,0,0
,0,0
,0,0
,0,0
11524,0,0
,0,0
,0,0
,0,0
,0,0
,0,0
,0,0
,0,0
,0,0
,0,0
,0,0
,0,0
,0,0
,0,0
,0,0
,0,0
,0,0
,0,0
,0,0
,0,0
,0,0
,0,0
,0,0
,0,0
,0,0
,0,0
,0,0
,0,0
,0,0
,0,0
,0,0
,0,0
11556,0,0
,0,0
,0,0
,0,0
,0,0
,0,0
,0,0
,0,0
,0,0
,0,0
,0,0
,0,0
,0,0
,0,0
,0,0
,0,0
,0,0
,0,0
,0,0
,0,0
,0,0
,0,0
,0,0
,0,0
,0,0
,0,0
11582,0,0
,0,0
,0,0
,0,0
,0,0
,0,0
,0,0
,0,0
,0,0
11591,0,0
,0,0
,0,0
,0,0
,0,0
,0,0
,0,0
,0,0
,0,0
,0,0
,0,0
,0,0
,0,0
,0,0
,0,0
11606,0,0
,0,0
11608,0,0
,0,0
,0,0
,0,0
,0,0
11613,0,0
,0,0
,0,0
11616,0,0
,0,0
,0,0
,0,0
,0,0
,0,0
,0,0
,0,0
11624,0,0
,0,0
,0,0
,0,0
,0,0
,0,0
,0,0
,0,0
,0,0
,0,0
11634,0,0
,0,0
,0,0
,0,0
,0,0
,0,0
,0,0
,0,0
,0,0
,0,0
,0,0
,0,0
,0,0
,0,0
,0,0
,0,0
,0,0
,0,0
,0,0
,0,0
,0,0
,0,0
11656,0,0
,0,0
,0,0
,0,0
11660,0,0
,0,0
,0,0
,0,0
,0,0
,0,0
,0,0
,0,0
,0,0
,0,0
,0,0
,0,0
,0,0
,0,0
,0,0
,0,0
,0,0
,0,0
,0,0
,0,0
,0,0
,0,0
,0,0
,0,0
,0,0
,0,0
11686,0,0
,0,0
,0,0
,0,0
,0,0
,0,0
,0,0
,0,0
,0,0
,0,0
,0,0
,0,0
11698,0,0
,0,0
,0,0
,0,0
,0,0
,0,0
,0,0
,0,0
,0,0
,0,0
,0,0
,0,0
,0,0
,0,0
,0,0
,0,0
,0,0
11715,0,0
,0,0
,0,0
,0,0
,0,0
,0,0
,0,0
11722,0,0
,0,0
,0,0
,0,0
,0,0
,0,0
,0,0
11729,0,0
,0,0
11731,0,0
,0,0
,0,0
11734,0,0
,0,0
,0,0
,0,0
,0,0
,0,0
11740,0,0
,0,0
,0,0
,0,0
,0,0
,0,0
,0,0
11747,0,0
,0,0
,0,0
,0,0
,0,0
,0,0
,0,0
,0,0
,0,0
11756,0,0
,0,0
,0,0
11759,0,0
11760,0,0
,0,0
11762,0,0
,0,0
,0,0
,0,0
,0,0
,0,0
,0,0
,0,0
,0,0
,0,0
,0,0
,0,0
,0,0
11775,0,0
,0,0
,0,0
,0,0
,0,0
,0,0
,0,0
,0,0
,0,0
,0,0
,0,0
,0,0
,0,0
,0,0
,0,0
11790,0,0
,0,0
,0,0
,0,0
11794,0,0
,0,0
,0,0
,0,0
,0,0
,0,0
,0,0
,0,0
,0,0
,0,0
,0,0
,0,0
,0,0
,0,0
11808,0,0
,0,0
,0,0
,0,0
,0,0
,0,0
,0,0
,0,0
,0,0
,0,0
,0,0
11819,0,0
,0,0
11821,0,0
,0,0
,0,0
,0,0
,0,0
11826,0,0
,0,0
,0,0
,0,0
,0,0
,0,0
,0,0
,0,0
,0,0
,0,0
11836,0,0
11837,0,0
,0,0
,0,0
,0,0
,0,0
,0,0
,0,0
,0,0
,0,0
,0,0
,0,0
,0,0
,0,0
11850,0,0
,0,0
,0,0
,0,0
,0,0
,0,0
,0,0
11857,0,0
,0,0
,0,0
,0,0
,0,0
,0,0
,0,0
,0,0
,0,0
,0,0
,0,0
,0,0
,0,0
,0,0
,0,0
11872,0,0
11873,0,0
,0,0
,0,0
,0,0
,0,0
11878,0,0
,0,0
,0,0
,0,0
11882,0,0
,0,0
,0,0
,0,0
,0,0
,0,0
,0,0
,0,0
,0,0
,0,0
,0,0
,0,0
,0,0
,0,0
,0,0
,0,0
,0,0
,0,0
,0,0
,0,0
,0,0
,0,0
,0,0
,0,0
,0,0
,0,0
,0,0
,0,0
,0,0
,0,0
,0,0
11913,0,0
,0,0
11915,0,0
,0,0
,0,0
,0,0
,0,0
,0,0
,0,0
,0,0
,0,0
,0,0
,0,0
,0,0
,0,0
,0,0
,0,0
,0,0
,0,0
11932,0,0
,0,0
11934,0,0
,0,0
,0,0
,0,0
,0,0
,0,0
11940,0,0
,0,0
,0,0
,0,0
,0,0
,0,0
,0,0
,0,0
,0,0
,0,0
,0,0
,0,0
,0,0
,0,0
,0,0
,0,0
,0,0
,0,0
,0,0
,0,0
,0,0
,0,0
,0,0
,0,0
,0,0
,0,0
,0,0
,0,0
,0,0
,0,0
,0,0
,0,0
,0,0
,0,0
11974,0,0
,0,0
,0,0
,0,0
,0,0
,0,0
,0,0
,0,0
,0,0
,0,0
,0,0
,0,0
11986,0,0
,0,0
,0,0
,0,0
,0,0
,0,0
,0,0
,0,0
,0,0
,0,0
11996,0,0
,0,0
,0,0
,0,0
,0,0
,0,0
,0,0
,0,0
,0,0
,0,0
12006,0,0
,0,0
,0,0
,0,0
,0,0
12011,0,0
12012,0,0
,0,0
,0,0
,0,0
,0,0
12017,0,0
,0,0
,0,0
,0,0
,0,0
,0,0
,0,0
,0,0
,0,0
,0,0
,0,0
,0,0
12029,0,0
,0,0
12031,0,0
,0,0
12033,0,0
,0,0
,0,0
,0,0
,0,0
12038,0,0
,0,0
12040,0,0
,0,0
,0,0
12043,0,0
,0,0
,0,0
,0,0
,0,0
,0,0
,0,0
,0,0
,0,0
12052,0,0
,0,0
,0,0
,0,0
,0,0
,0,0
,0,0
,0,0
,0,0
,0,0
,0,0
12063,0,0
,0,0
12065,0,0
12066,0,0
,0,0
12068,0,0
,0,0
,0,0
,0,0
,0,0
,0,0
,0,0
,0,0
,0,0
,0,0
,0,0
,0,0
,0,0
,0,0
,0,0
,0,0
,0,0
,0,0
,0,0
,0,0
,0,0
,0,0
,0,0
12091,0,0
,0,0
,0,0
,0,0
,0,0
,0,0
,0,0
,0,0
,0,0
,0,0
,0,0
,0,0
,0,0
,0,0
,0,0
,0,0
,0,0
,0,0
,0,0
,0,0
,0,0
,0,0
,0,0
,0,0
,0,0
,0,0
,0,0
,0,0
,0,0
,0,0
,0,0
,0,0
,0,0
,0,0
,0,0
,0,0
,0,0
12128,0,0
12129,0,0
,0,0
,0,0
,0,0
,0,0
,0,0
,0,0
,0,0
,0,0
12138,0,0
,0,0
,0,0
12141,0,0
,0,0
,0,0
,0,0
,0,0
,0,0
,0,0
,0,0
,0,0
,0,0
,0,0
,0,0
,0,0
,0,0
,0,0
,0,0
12157,0,0
,0,0
,0,0
,0,0
,0,0
,0,0
,0,0
,0,0
,0,0
,0,0
,0,0
,0,0
,0,0
,0,0
,0,0
,0,0
,0,0
,0,0
12175,0,0
12176,0,0
,0,0
,0,0
,0,0
,0,0
12181,0,0
,0,0
,0,0
,0,0
,0,0
12186,0,0
,0,0
12188,0,0
,0,0
,0,0
,0,0
,0,0
,0,0
,0,0
,0,0
,0,0
,0,0
,0,0
,0,0
,0,0
,0,0
,0,0
,0,0
,0,0
,0,0
,0,0
,0,0
12208,0,0
12209,0,0
,0,0
,0,0
,0,0
,0,0
,0,0
,0,0
,0,0
,0,0
12218,0,0
,0,0
,0,0
,0,0
,0,0
,0,0
,0,0
,0,0
,0,0
,0,0
,0,0
,0,0
,0,0
,0,0
,0,0
,0,0
,0,0
,0,0
,0,0
,0,0
,0,0
,0,0
,0,0
12241,0,0
,0,0
,0,0
,0,0
,0,0
,0,0
,0,0
,0,0
,0,0
12250,0,0
,0,0
,0,0
,0,0
,0,0
,0,0
,0,0
,0,0
,0,0
,0,0
,0,0
,0,0
,0,0
,0,0
12264,0,0
,0,0
,0,0
,0,0
12268,0,0
,0,0
,0,0
,0,0
,0,0
,0,0
,0,0
,0,0
,0,0
,0,0
,0,0
12279,0,0
,0,0
,0,0
,0,0
,0,0
,0,0
,0,0
12286,0,0
,0,0
,0,0
,0,0
,0,0
,0,0
,0,0
,0,0
,0,0
12295,0,0
,0,0
,0,0
,0,0
,0,0
12300,0,0
,0,0
,0,0
,0,0
,0,0
,0,0
12306,0,0
,0,0
,0,0
,0,0
12310,0,0
,0,0
,0,0
,0,0
,0,0
,0,0
,0,0
,0,0
,0,0
12319,0,0
12320,0,0
,0,0
,0,0
,0,0
,0,0
,0,0
12326,0,0
,0,0
,0,0
,0,0
12330,0,0
,0,0
,0,0
,0,0
,0,0
,0,0
,0,0
,0,0
,0,0
,0,0
,0,0
,0,0
,0,0
12343,0,0
,0,0
,0,0
,0,0
,0,0
,0,0
,0,0
,0,0
,0,0
,0,0
,0,0
,0,0
,0,0
,0,0
,0,0
12358,0,0
,0,0
,0,0
,0,0
,0,0
,0,0
,0,0
,0,0
12366,0,0
,0,0
12368,0,0
,0,0
,0,0
,0,0
,0,0
,0,0
,0,0
,0,0
,0,0
,0,0
,0,0
,0,0
12380,0,0
,0,0
,0,0
,0,0
,0,0
,0,0
,0,0
,0,0
,0,0
,0,0
,0,0
,0,0
,0,0
,0,0
,0,0
12395,0,0
,0,0
12397,0,0
,0,0
,0,0
,0,0
,0,0
12402,0,0
12403,0,0
,0,0
,0,0
,0,0
,0,0
,0,0
,0,0
,0,0
,0,0
,0,0
,0,0
,0,0
,0,0
,0,0
,0,0
12418,0,0
,0,0
12420,0,0
,0,0
,0,0
,0,0
12424,0,0
,0,0
,0,0
,0,0
,0,0
,0,0
,0,0
,0,0
,0,0
12433,0,0
,0,0
,0,0
,0,0
,0,0
,0,0
,0,0
,0,0
,0,0
,0,0
,0,0
,0,0
,0,0
,0,0
,0,0
,0,0
,0,0
,0,0
,0,0
,0,0
,0,0
,0,0
,0,0
,0,0
,0,0
,0,0
,0,0
,0,0
,0,0
,0,0
12463,0,0
,0,0
,0,0
12466,0,0
,0,0
,0,0
,0,0
,0,0
,0,0
,0,0
,0,0
,0,0
,0,0
,0,0
,0,0
,0,0
12479,0,0
,0,0
,0,0
,0,0
,0,0
,0,0
,0,0
,0,0
,0,0
,0,0
12489,0,0
12490,0,0
,0,0
,0,0
,0,0
12494,0,0
,0,0
,0,0
,0,0
,0,0
,0,0
,0,0
,0,0
,0,0
,0,0
,0,0
,0,0
,0,0
,0,0
,0,0
,0,0
,0,0
,0,0
12512,0,0
,0,0
,0,0
12515,0,0
,0,0
,0,0
,0,0
,0,0
,0,0
12521,0,0
,0,0
,0,0
,0,0
,0,0
,0,0
,0,0
,0,0
,0,0
,0,0
,0,0
,0,0
,0,0
,0,0
,0,0
,0,0
,0,0
,0,0
,0,0
,0,0
,0,0
,0,0
,0,0
,0,0
,0,0
,0,0
,0,0
,0,0
,0,0
12550,0,0
,0,0
12552,0,0
,0,0
,0,0
,0,0
,0,0
,0,0
,0,0
12559,0,0
,0,0
12561,0,0
,0,0
,0,0
12564,0,0
,0,0
,0,0
,0,0
,0,0
,0,0
,0,0
,0,0
,0,0
,0,0
,0,0
,0,0
,0,0
,0,0
,0,0
,0,0
,0,0
,0,0
,0,0
,0,0
,0,0
,0,0
,0,0
,0,0
,0,0
,0,0
,0,0
,0,0
,0,0
,0,0
,0,0
,0,0
,0,0
,0,0
,0,0
,0,0
12600,0,0
,0,0
,0,0
,0,0
,0,0
,0,0
,0,0
,0,0
,0,0
12609,0,0
,0,0
,0,0
,0,0
,0,0
,0,0
,0,0
,0,0
12617,0,0
,0,0
,0,0
,0,0
,0,0
,0,0
,0,0
,0,0
,0,0
,0,0
,0,0
,0,0
,0,0
,0,0
,0,0
,0,0
,0,0
,0,0
,0,0
,0,0
,0,0
,0,0
,0,0
,0,0
,0,0
,0,0
,0,0
,0,0
,0,0
,0,0
12647,0,0
,0,0
,0,0
,0,0
,0,0
12652,0,0
12653,0,0
,0,0
,0,0
12656,0,0
,0,0
,0,0
,0,0
,0,0
12661,0,0
,0,0
,0,0
,0,0
,0,0
,0,0
,0,0
,0,0
,0,0
,0,0
,0,0
,0,0
,0,0
,0,0
,0,0
,0,0
,0,0
,0,0
,0,0
,0,0
,0,0
12682,0,0
,0,0
,0,0
,0,0
,0,0
,0,0
,0,0
,0,0
,0,0
,0,0
,0,0
,0,0
,0,0
,0,0
,0,0
,0,0
,0,0
,0,0
,0,0
,0,0
12702,0,0
12703,0,0
12704,0,0
,0,0
12706,0,0
,0,0
,0,0
,0,0
,0,0
,0,0
,0,0
,0,0
,0,0
,0,0
,0,0
,0,0
,0,0
,0,0
,0,0
,0,0
,0,0
,0,0
,0,0
,0,0
,0,0
12727,0,0
,0,0
,0,0
,0,0
,0,0
,0,0
,0,0
,0,0
,0,0
,0,0
,0,0
,0,0
,0,0
,0,0
,0,0
,0,0
12743,0,0
12744,0,0
,0,0
,0,0
,0,0
,0,0
,0,0
,0,0
,0,0
,0,0
,0,0
,0,0
,0,0
,0,0
12757,0,0
,0,0
,0,0
,0,0
,0,0
,0,0
12763,0,0
,0,0
,0,0
,0,0
,0,0
12768,0,0
,0,0
,0,0
,0,0
,0,0
,0,0
,0,0
,0,0
,0,0
,0,0
,0,0
,0,0
,0,0
,0,0
,0,0
,0,0
,0,0
,0,0
,0,0
,0,0
,0,0
,0,0
,0,0
,0,0
,0,0
,0,0
,0,0
,0,0
,0,0
,0,0
,0,0
,0,0
,0,0
,0,0
,0,0
,0,0
,0,0
,0,0
,0,0
,0,0
,0,0
,0,0
,0,0
,0,0
,0,0
,0,0
,0,0
,0,0
,0,0
12817,0,0
,0,0
,0,0
,0,0
,0,0
,0,0
,0,0
,0,0
,0,0
,0,0
,0,0
,0,0
,0,0
,0,0
,0,0
,0,0
,0,0
,0,0
,0,0
,0,0
,0,0
,0,0
,0,0
,0,0
,0,0
,0,0
12843,0,0
,0,0
,0,0
,0,0
,0,0
,0,0
,0,0
,0,0
,0,0
,0,0
,0,0
,0,0
,0,0
,0,0
,0,0
,0,0
,0,0
,0,0
,0,0
,0,0
,0,0
,0,0
,0,0
,0,0
12867,0,0
,0,0
,0,0
,0,0
,0,0
,0,0
,0,0
,0,0
,0,0
,0,0
,0,0
,0,0
,0,0
,0,0
,0,0
,0,0
,0,0
,0,0
,0,0
,0,0
,0,0
12888,0,0
,0,0
,0,0
,0,0
,0,0
,0,0
,0,0
,0,0
,0,0
,0,0
12898,0,0
,0,0
,0,0
,0,0
,0,0
,0,0
,0,0
,0,0
,0,0
,0,0
,0,0
,0,0
,0,0
,0,0
,0,0
,0,0
,0,0
,0,0
,0,0
,0,0
,0,0
,0,0
,0,0
,0,0
,0,0
,0,0
,0,0
,0,0
,0,0
,0,0
,0,0
,0,0
,0,0
,0,0
,0,0
,0,0
,0,0
,0,0
,0,0
,0,0
,0,0
,0,0
,0,0
,0,0
,0,0
,0,0
12944,0,0
,0,0
,0,0
,0,0
,0,0
12949,0,0
,0,0
12951,0,0
,0,0
,0,0
,0,0
,0,0
,0,0
,0,0
,0,0
12959,0,0
,0,0
,0,0
,0,0
,0,0
,0,0
,0,0
,0,0
,0,0
,0,0
,0,0
,0,0
,0,0
,0,0
,0,0
,0,0
,0,0
,0,0
,0,0
,0,0
12979,0,0
,0,0
,0,0
,0,0
,0,0
,0,0
,0,0
,0,0
,0,0
,0,0
,0,0
,0,0
,0,0
12992,0,0
,0,0
,0,0
,0,0
,0,0
,0,0
,0,0
12999,0,0
,0,0
,0,0
,0,0
,0,0
,0,0
,0,0
,0,0
,0,0
,0,0
,0,0
,0,0
,0,0
,0,0
,0,0
13014,0,0
,0,0
,0,0
,0,0
,0,0
,0,0
,0,0
,0,0
,0,0
,0,0
,0,0
,0,0
,0,0
,0,0
,0,0
,0,0
,0,0
,0,0
,0,0
,0,0
13034,0,0
,0,0
,0,0
,0,0
,0,0
,0,0
,0,0
,0,0
,0,0
13043,0,0
,0,0
,0,0
,0,0
,0,0
,0,0
,0,0
,0,0
,0,0
,0,0
,0,0
13054,0,0
,0,0
,0,0
,0,0
13058,0,0
,0,0
,0,0
,0,0
,0,0
,0,0
,0,0
13065,0,0
,0,0
,0,0
,0,0
,0,0
,0,0
,0,0
,0,0
,0,0
,0,0
,0,0
,0,0
,0,0
,0,0
,0,0
,0,0
,0,0
,0,0
13083,0,0
,0,0
,0,0
,0,0
,0,0
,0,0
,0,0
,0,0
,0,0
,0,0
,0,0
,0,0
,0,0
,0,0
,0,0
,0,0
,0,0
,0,0
,0,0
,0,0
,0,0
,0,0
,0,0
,0,0
,0,0
13108,0,0
,0,0
,0,0
,0,0
,0,0
,0,0
,0,0
,0,0
,0,0
13117,0,0
,0,0
,0,0
,0,0
,0,0
,0,0
,0,0
,0,0
,0,0
,0,0
,0,0
13128,0,0
13129,0,0
,0,0
,0,0
,0,0
,0,0
13134,0,0
,0,0
,0,0
,0,0
13138,0,0
,0,0
,0,0
,0,0
,0,0
,0,0
,0,0
,0,0
,0,0
,0,0
,0,0
,0,0
,0,0
,0,0
,0,0
,0,0
,0,0
,0,0
,0,0
,0,0
,0,0
,0,0
13160,0,0
,0,0
,0,0
,0,0
13164,0,0
,0,0
,0,0
,0,0
,0,0
,0,0
,0,0
,0,0
,0,0
,0,0
,0,0
,0,0
,0,0
,0,0
,0,0
13179,0,0
,0,0
,0,0
,0,0
,0,0
13184,0,0
,0,0
13186,0,0
,0,0
,0,0
,0,0
,0,0
13191,0,0
,0,0
,0,0
,0,0
,0,0
,0,0
,0,0
,0,0
,0,0
,0,0
,0,0
,0,0
,0,0
,0,0
,0,0
,0,0
,0,0
,0,0
,0,0
,0,0
,0,0
,0,0
,0,0
,0,0
,0,0
13216,0,0
,0,0
13218,0,0
,0,0
,0,0
,0,0
,0,0
,0,0
,0,0
13225,0,0
,0,0
,0,0
,0,0
13229,0,0
,0,0
,0,0
,0,0
,0,0
,0,0
,0,0
,0,0
,0,0
13238,0,0
,0,0
,0,0
,0,0
13242,0,0
,0,0
13244,0,0
,0,0
13246,0,0
,0,0
,0,0
,0,0
,0,0
,0,0
,0,0
,0,0
,0,0
,0,0
13256,0,0
,0,0
,0,0
,0,0
,0,0
13261,0,0
13262,0,0
,0,0
,0,0
,0,0
,0,0
13267,0,0
,0,0
,0,0
,0,0
,0,0
,0,0
,0,0
,0,0
,0,0
,0,0
,0,0
,0,0
,0,0
,0,0
13281,0,0
,0,0
,0,0
13284,0,0
,0,0
,0,0
,0,0
13288,0,0
,0,0
,0,0
13291,0,0
,0,0
,0,0
,0,0
13295,0,0
,0,0
,0,0
,0,0
,0,0
,0,0
,0,0
,0,0
,0,0
,0,0
,0,0
,0,0
,0,0
,0,0
,0,0
,0,0
,0,0
,0,0
13313,0,0
,0,0
,0,0
,0,0
,0,0
,0,0
,0,0
,0,0
,0,0
,0,0
,0,0
,0,0
,0,0
,0,0
,0,0
,0,0
,0,0
,0,0
,0,0
,0,0
,0,0
,0,0
,0,0
,0,0
,0,0
,0,0
,0,0
,0,0
,0,0
,0,0
,0,0
,0,0
,0,0
,0,0
,0,0
,0,0
,0,0
,0,0
,0,0
,0,0
,0,0
,0,0
,0,0
,0,0
,0,0
,0,0
,0,0
,0,0
,0,0
,0,0
,0,0
,0,0
,0,0
,0,0
,0,0
,0,0
,0,0
,0,0
13371,0,0
,0,0
,0,0
,0,0
,0,0
,0,0
,0,0
,0,0
,0,0
,0,0
,0,0
,0,0
,0,0
,0,0
,0,0
,0,0
,0,0
,0,0
,0,0
,0,0
,0,0
,0,0
,0,0
,0,0
,0,0
,0,0
,0,0
,0,0
,0,0
,0,0
,0,0
,0,0
,0,0
,0,0
,0,0
13406,0,0
,0,0
,0,0
,0,0
,0,0
,0,0
,0,0
13413,0,0
,0,0
,0,0
,0,0
,0,0
,0,0
,0,0
,0,0
,0,0
,0,0
,0,0
,0,0
,0,0
,0,0
,0,0
,0,0
13429,0,0
,0,0
,0,0
,0,0
,0,0
13434,0,0
,0,0
,0,0
,0,0
,0,0
,0,0
,0,0
,0,0
13442,0,0
,0,0
13444,0,0
,0,0
,0,0
,0,0
,0,0
,0,0
,0,0
,0,0
,0,0
,0,0
,0,0
,0,0
,0,0
,0,0
,0,0
,0,0
,0,0
,0,0
,0,0
,0,0
,0,0
,0,0
13466,0,0
,0,0
,0,0
,0,0
,0,0
,0,0
,0,0
,0,0
,0,0
,0,0
,0,0
,0,0
,0,0
,0,0
,0,0
,0,0
,0,0
,0,0
,0,0
,0,0
,0,0
,0,0
,0,0
,0,0
,0,0
13491,0,0
,0,0
,0,0
,0,0
,0,0
,0,0
,0,0
,0,0
,0,0
,0,0
,0,0
,0,0
,0,0
,0,0
,0,0
,0,0
,0,0
,0,0
,0,0
13510,0,0
,0,0
,0,0
13513,0,0
,0,0
,0,0
,0,0
13517,0,0
,0,0
,0,0
,0,0
,0,0
,0,0
,0,0
13524,0,0
,0,0
,0,0
13527,0,0
,0,0
,0,0
,0,0
,0,0
13532,0,0
,0,0
,0,0
,0,0
,0,0
,0,0
,0,0
,0,0
,0,0
,0,0
,0,0
,0,0
,0,0
,0,0
,0,0
,0,0
,0,0
13549,0,0
,0,0
,0,0
,0,0
,0,0
,0,0
,0,0
13556,0,0
,0,0
,0,0
,0,0
,0,0
,0,0
,0,0
,0,0
13564,0,0
,0,0
,0,0
,0,0
13568,0,0
,0,0
,0,0
,0,0
,0,0
,0,0
,0,0
,0,0
,0,0
,0,0
,0,0
,0,0
,0,0
,0,0
,0,0
,0,0
,0,0
,0,0
,0,0
,0,0
,0,0
,0,0
13590,0,0
,0,0
,0,0
,0,0
,0,0
,0,0
,0,0
,0,0
,0,0
13599,0,0
,0,0
,0,0
,0,0
,0,0
,0,0
,0,0
,0,0
,0,0
,0,0
,0,0
13610,0,0
,0,0
,0,0
,0,0
,0,0
,0,0
,0,0
,0,0
,0,0
,0,0
,0,0
,0,0
,0,0
,0,0
,0,0
,0,0
,0,0
,0,0
,0,0
,0,0
,0,0
,0,0
,0,0
,0,0
,0,0
,0,0
,0,0
13637,0,0
13638,0,0
,0,0
,0,0
,0,0
,0,0
,0,0
,0,0
,0,0
,0,0
,0,0
13648,0,0
,0,0
,0,0
,0,0
,0,0
,0,0
,0,0
13655,0,0
,0,0
,0,0
,0,0
,0,0
13660,0,0
,0,0
,0,0
,0,0
13664,0,0
,0,0
,0,0
,0,0
13668,0,0
,0,0
13670,0,0
,0,0
,0,0
,0,0
,0,0
,0,0
,0,0
,0,0
,0,0
13679,0,0
,0,0
,0,0
,0,0
,0,0
,0,0
,0,0
13686,0,0
,0,0
,0,0
,0,0
,0,0
,0,0
,0,0
,0,0
,0,0
,0,0
,0,0
,0,0
,0,0
,0,0
,0,0
,0,0
,0,0
,0,0
,0,0
,0,0
,0,0
,0,0
,0,0
,0,0
,0,0
,0,0
,0,0
,0,0
,0,0
,0,0
,0,0
,0,0
13718,0,0
,0,0
,0,0
,0,0
,0,0
,0,0
,0,0
13725,0,0
13726,0,0
,0,0
,0,0
,0,0
,0,0
,0,0
,0,0
,0,0
,0,0
,0,0
,0,0
,0,0
,0,0
,0,0
,0,0
,0,0
,0,0
,0,0
,0,0
,0,0
,0,0
,0,0
,0,0
,0,0
,0,0
13751,0,0
,0,0
13753,0,0
,0,0
,0,0
,0,0
,0,0
,0,0
,0,0
,0,0
,0,0
,0,0
,0,0
,0,0
,0,0
,0,0
,0,0
,0,0
13769,0,0
13770,0,0
,0,0
,0,0
,0,0
,0,0
,0,0
13776,0,0
,0,0
,0,0
,0,0
,0,0
,0,0
,0,0
,0,0
13784,0,0
,0,0
,0,0
,0,0
,0,0
,0,0
,0,0
,0,0
,0,0
,0,0
,0,0
,0,0
,0,0
,0,0
,0,0
,0,0
,0,0
,0,0
,0,0
,0,0
13804,0,0
,0,0
,0,0
13807,0,0
,0,0
,0,0
,0,0
,0,0
13812,0,0
,0,0
,0,0
,0,0
,0,0
,0,0
,0,0
,0,0
,0,0
,0,0
,0,0
,0,0
,0,0
,0,0
,0,0
,0,0
13828,0,0
,0,0
,0,0
,0,0
,0,0
,0,0
,0,0
,0,0
,0,0
,0,0
,0,0
,0,0
,0,0
,0,0
,0,0
,0,0
,0,0
,0,0
,0,0
,0,0
,0,0
,0,0
,0,0
13851,0,0
,0,0
,0,0
,0,0
,0,0
13856,0,0
,0,0
,0,0
,0,0
,0,0
,0,0
,0,0
,0,0
,0,0
,0,0
,0,0
,0,0
,0,0
13869,0,0
13870,0,0
,0,0
,0,0
,0,0
13874,0,0
,0,0
,0,0
,0,0
13878,0,0
,0,0
,0,0
,0,0
,0,0
,0,0
,0,0
,0,0
,0,0
,0,0
13888,0,0
,0,0
,0,0
,0,0
,0,0
,0,0
,0,0
,0,0
,0,0
,0,0
,0,0
,0,0
,0,0
,0,0
,0,0
,0,0
,0,0
,0,0
,0,0
,0,0
,0,0
,0,0
,0,0
,0,0
,0,0
,0,0
,0,0
,0,0
,0,0
,0,0
,0,0
,0,0
,0,0
,0,0
13922,0,0
,0,0
,0,0
,0,0
,0,0
,0,0
,0,0
,0,0
,0,0
,0,0
,0,0
,0,0
,0,0
,0,0
,0,0
,0,0
,0,0
,0,0
,0,0
,0,0
,0,0
,0,0
,0,0
,0,0
,0,0
,0,0
,0,0
,0,0
,0,0
,0,0
,0,0
,0,0
,0,0
,0,0
,0,0
,0,0
13958,0,0
,0,0
,0,0
,0,0
,0,0
,0,0
,0,0
,0,0
,0,0
,0,0
,0,0
,0,0
,0,0
,0,0
,0,0
,0,0
,0,0
,0,0
,0,0
,0,0
,0,0
,0,0
,0,0
,0,0
,0,0
13983,0,0
,0,0
,0,0
13986,0,0
,0,0
,0,0
,0,0
,0,0
,0,0
,0,0
,0,0
,0,0
13995,0,0
,0,0
,0,0
,0,0
13999,0,0
,0,0
,0,0
,0,0
,0,0
,0,0
,0,0
,0,0
,0,0
,0,0
,0,0
,0,0
14011,0,0
,0,0
,0,0
,0,0
14015,0,0
,0,0
,0,0
,0,0
,0,0
,0,0
,0,0
14022,0,0
,0,0
,0,0
,0,0
,0,0
14027,0,0
,0,0
,0,0
,0,0
,0,0
,0,0
,0,0
,0,0
,0,0
,0,0
,0,0
,0,0
,0,0
14040,0,0
,0,0
,0,0
,0,0
,0,0
,0,0
,0,0
,0,0
,0,0
,0,0
,0,0
,0,0
,0,0
,0,0
,0,0
,0,0
,0,0
,0,0
14058,0,0
,0,0
,0,0
,0,0
,0,0
,0,0
,0,0
,0,0
,0,0
14067,0,0
,0,0
,0,0
,0,0
,0,0
,0,0
,0,0
,0,0
,0,0
,0,0
,0,0
,0,0
,0,0
,0,0
,0,0
,0,0
,0,0
,0,0
,0,0
,0,0
,0,0
,0,0
,0,0
,0,0
,0,0
,0,0
,0,0
,0,0
,0,0
,0,0
,0,0
,0,0
14099,0,0
,0,0
,0,0
,0,0
14103,0,0
14104,0,0
14105,0,0
,0,0
14107,0,0
,0,0
,0,0
,0,0
,0,0
,0,0
,0,0
,0,0
,0,0
,0,0
,0,0
,0,0
,0,0
,0,0
,0,0
,0,0
,0,0
14124,0,0
,0,0
,0,0
,0,0
,0,0
,0,0
,0,0
,0,0
,0,0
,0,0
14134,0,0
14135,0,0
14136,0,0
,0,0
,0,0
,0,0
14140,0,0
,0,0
,0,0
,0,0
,0,0
,0,0
,0,0
,0,0
,0,0
,0,0
,0,0
,0,0
,0,0
,0,0
,0,0
,0,0
,0,0
,0,0
,0,0
,0,0
,0,0
,0,0
,0,0
,0,0
,0,0
,0,0
,0,0
,0,0
,0,0
,0,0
,0,0
,0,0
,0,0
,0,0
,0,0
,0,0
,0,0
14177,0,0
,0,0
14179,0,0
,0,0
,0,0
,0,0
,0,0
,0,0
,0,0
,0,0
,0,0
,0,0
,0,0
,0,0
14191,0,0
14192,0,0
14193,0,0
,0,0
,0,0
,0,0
,0,0
,0,0
,0,0
,0,0
,0,0
,0,0
,0,0
,0,0
,0,0
,0,0
14207,0,0
,0,0
14209,0,0
,0,0
,0,0
,0,0
14213,0,0
,0,0
,0,0
14216,0,0
,0,0
,0,0
,0,0
,0,0
,0,0
,0,0
,0,0
,0,0
,0,0
,0,0
,0,0
,0,0
,0,0
,0,0
,0,0
14232,0,0
,0,0
,0,0
,0,0
14236,0,0
,0,0
,0,0
,0,0
,0,0
,0,0
,0,0
,0,0
,0,0
,0,0
,0,0
,0,0
,0,0
,0,0
,0,0
,0,0
,0,0
14253,0,0
,0,0
,0,0
,0,0
,0,0
,0,0
,0,0
,0,0
,0,0
,0,0
,0,0
,0,0
,0,0
14266,0,0
,0,0
,0,0
14269,0,0
,0,0
,0,0
,0,0
,0,0
,0,0
,0,0
,0,0
,0,0
,0,0
,0,0
,0,0
,0,0
,0,0
14283,0,0
,0,0
14285,0,0
,0,0
,0,0
14288,0,0
,0,0
14290,0,0
14291,0,0
,0,0
,0,0
14294,0,0
,0,0
,0,0
,0,0
,0,0
,0,0
,0,0
,0,0
,0,0
,0,0
,0,0
,0,0
14306,0,0
,0,0
,0,0
,0,0
,0,0
,0,0
,0,0
,0,0
,0,0
14315,0,0
,0,0
,0,0
,0,0
,0,0
14320,0,0
,0,0
,0,0
,0,0
14324,0,0
,0,0
,0,0
,0,0
14328,0,0
,0,0
,0,0
,0,0
,0,0
,0,0
,0,0
,0,0
,0,0
,0,0
,0,0
,0,0
,0,0
,0,0
,0,0
,0,0
,0,0
,0,0
,0,0
,0,0
,0,0
,0,0
,0,0
,0,0
,0,0
,0,0
,0,0
,0,0
,0,0
,0,0
14358,0,0
,0,0
,0,0
14361,0,0
,0,0
,0,0
,0,0
,0,0
,0,0
14367,0,0
,0,0
,0,0
,0,0
,0,0
,0,0
,0,0
,0,0
,0,0
,0,0
,0,0
,0,0
,0,0
,0,0
,0,0
,0,0
,0,0
,0,0
,0,0
,0,0
,0,0
,0,0
,0,0
,0,0
,0,0
,0,0
,0,0
,0,0
,0,0
,0,0
,0,0
,0,0
,0,0
,0,0
,0,0
,0,0
,0,0
,0,0
,0,0
,0,0
,0,0
14408,0,0
,0,0
,0,0
,0,0
,0,0
,0,0
,0,0
,0,0
,0,0
,0,0
,0,0
,0,0
14420,0,0
,0,0
,0,0
,0,0
,0,0
,0,0
,0,0
,0,0
,0,0
,0,0
,0,0
,0,0
,0,0
,0,0
,0,0
,0,0
,0,0
,0,0
,0,0
,0,0
,0,0
,0,0
,0,0
,0,0
,0,0
,0,0
,0,0
,0,0
,0,0
,0,0
,0,0
,0,0
,0,0
,0,0
,0,0
,0,0
,0,0
,0,0
,0,0
,0,0
14460,0,0
,0,0
,0,0
,0,0
,0,0
14465,0,0
,0,0
,0,0
,0,0
,0,0
,0,0
,0,0
,0,0
,0,0
,0,0
,0,0
,0,0
,0,0
,0,0
,0,0
,0,0
,0,0
,0,0
,0,0
,0,0
14485,0,0
,0,0
,0,0
,0,0
,0,0
,0,0
,0,0
,0,0
,0,0
,0,0
,0,0
,0,0
,0,0
,0,0
,0,0
,0,0
14501,0,0
14502,0,0
,0,0
,0,0
14505,0,0
,0,0
,0,0
,0,0
,0,0
,0,0
,0,0
,0,0
,0,0
,0,0
,0,0
,0,0
14517,0,0
,0,0
,0,0
,0,0
,0,0
,0,0
,0,0
,0,0
,0,0
,0,0
,0,0
,0,0
,0,0
,0,0
,0,0
,0,0
,0,0
,0,0
,0,0
,0,0
,0,0
,0,0
,0,0
14540,0,0
,0,0
,0,0
,0,0
,0,0
14545,0,0
,0,0
,0,0
,0,0
,0,0
,0,0
,0,0
,0,0
,0,0
,0,0
,0,0
,0,0
,0,0
,0,0
,0,0
,0,0
,0,0
,0,0
14563,0,0
,0,0
,0,0
,0,0
,0,0
,0,0
,0,0
,0,0
,0,0
,0,0
,0,0
,0,0
,0,0
,0,0
,0,0
,0,0
,0,0
,0,0
,0,0
,0,0
14583,0,0
,0,0
,0,0
,0,0
,0,0
,0,0
,0,0
14590,0,0
,0,0
,0,0
,0,0
,0,0
,0,0
,0,0
,0,0
,0,0
,0,0
,0,0
,0,0
,0,0
14603,0,0
,0,0
,0,0
,0,0
,0,0
,0,0
,0,0
14610,0,0
,0,0
,0,0
,0,0
,0,0
14615,0,0
,0,0
,0,0
,0,0
,0,0
,0,0
,0,0
,0,0
,0,0
14624,0,0
,0,0
,0,0
,0,0
,0,0
,0,0
,0,0
,0,0
,0,0
,0,0
,0,0
,0,0
,0,0
,0,0
,0,0
,0,0
,0,0
,0,0
,0,0
,0,0
,0,0
,0,0
,0,0
,0,0
,0,0
,0,0
,0,0
,0,0
,0,0
,0,0
,0,0
,0,0
,0,0
14657,0,0
,0,0
,0,0
,0,0
,0,0
,0,0
,0,0
,0,0
,0,0
,0,0
,0,0
,0,0
,0,0
14670,0,0
,0,0
,0,0
,0,0
,0,0
,0,0
,0,0
,0,0
,0,0
,0,0
,0,0
,0,0
,0,0
,0,0
,0,0
,0,0
,0,0
,0,0
,0,0
,0,0
,0,0
,0,0
,0,0
,0,0
,0,0
,0,0
,0,0
,0,0
,0,0
,0,0
,0,0
,0,0
,0,0
,0,0
,0,0
,0,0
,0,0
,0,0
,0,0
,0,0
,0,0
,0,0
,0,0
,0,0
,0,0
,0,0
,0,0
,0,0
,0,0
,0,0
14720,0,0
,0,0
,0,0
,0,0
,0,0
,0,0
,0,0
,0,0
,0,0
14729,0,0
,0,0
,0,0
,0,0
,0,0
,0,0
,0,0
,0,0
,0,0
14738,0,0
,0,0
,0,0
,0,0
,0,0
,0,0
,0,0
,0,0
,0,0
,0,0
,0,0
,0,0
,0,0
,0,0
,0,0
,0,0
,0,0
,0,0
,0,0
,0,0
,0,0
,0,0
,0,0
,0,0
,0,0
,0,0
,0,0
,0,0
,0,0
14767,0,0
,0,0
,0,0
14770,0,0
,0,0
,0,0
,0,0
,0,0
,0,0
,0,0
,0,0
,0,0
,0,0
,0,0
,0,0
14782,0,0
,0,0
,0,0
,0,0
,0,0
,0,0
14788,0,0
,0,0
14790,0,0
,0,0
,0,0
,0,0
14794,0,0
,0,0
,0,0
,0,0
,0,0
,0,0
,0,0
,0,0
,0,0
,0,0
,0,0
,0,0
,0,0
14807,0,0
,0,0
,0,0
,0,0
,0,0
,0,0
,0,0
,0,0
14815,0,0
,0,0
,0,0
,0,0
,0,0
,0,0
,0,0
,0,0
,0,0
,0,0
,0,0
,0,0
,0,0
,0,0
,0,0
,0,0
14831,0,0
,0,0
,0,0
,0,0
,0,0
,0,0
,0,0
,0,0
,0,0
,0,0
,0,0
14842,0,0
,0,0
,0,0
,0,0
,0,0
,0,0
,0,0
,0,0
14850,0,0
,0,0
,0,0
,0,0
,0,0
,0,0
14856,0,0
,0,0
14858,0,0
,0,0
,0,0
,0,0
,0,0
,0,0
14864,0,0
,0,0
,0,0
,0,0
,0,0
,0,0
,0,0
,0,0
14872,0,0
,0,0
,0,0
,0,0
,0,0
,0,0
,0,0
,0,0
,0,0
14881,0,0
,0,0
14883,0,0
,0,0
,0,0
,0,0
,0,0
,0,0
,0,0
14890,0,0
,0,0
,0,0
,0,0
,0,0
,0,0
,0,0
,0,0
,0,0
,0,0
,0,0
,0,0
,0,0
,0,0
,0,0
,0,0
,0,0
,0,0
,0,0
,0,0
,0,0
,0,0
,0,0
,0,0
14914,0,0
,0,0
,0,0
,0,0
,0,0
14919,0,0
14920,0,0
14921,0,0
,0,0
,0,0
,0,0
,0,0
14926,0,0
,0,0
,0,0
,0,0
,0,0
,0,0
,0,0
,0,0
,0,0
14935,0,0
,0,0
,0,0
,0,0
,0,0
,0,0
,0,0
,0,0
,0,0
,0,0
14945,0,0
,0,0
,0,0
,0,0
,0,0
,0,0
,0,0
,0,0
14953,0,0
,0,0
,0,0
,0,0
,0,0
,0,0
,0,0
14960,0,0
,0,0
,0,0
,0,0
,0,0
14965,0,0
,0,0
,0,0
,0,0
,0,0
,0,0
,0,0
,0,0
,0,0
,0,0
,0,0
,0,0
,0,0
,0,0
,0,0
,0,0
,0,0
,0,0
,0,0
,0,0
,0,0
,0,0
,0,0
,0,0
,0,0
,0,0
,0,0
14992,0,0
,0,0
,0,0
14995,0,0
,0,0
,0,0
,0,0
,0,0
,0,0
